Date,Close,High,Low,Open,Volume,Returns,Volatility
2021-01-19,2.5460000038146973,2.6730000972747803,2.5230000019073486,2.6519999504089355,211313,-0.06978443023011704,0.03132020572101877
2021-01-20,2.5390000343322754,2.566999912261963,2.4539999961853027,2.5439999103546143,133437,-0.0027493988499347477,0.026459966827016793
2021-01-21,2.490999937057495,2.5510001182556152,2.4579999446868896,2.532000064849853,100319,-0.018905118797055698,0.026437632602535236
2021-01-22,2.446000099182129,2.503999948501587,2.4140000343322754,2.492000102996826,63833,-0.018064969495150796,0.026168290783836336
2021-01-25,2.601999998092652,2.61899995803833,2.503999948501587,2.5420000553131104,42988,0.06377755216064163,0.035177764969271656
2021-01-26,2.6559998989105225,2.686000108718872,2.595000028610229,2.6029999256134038,32233,0.020753228615470576,0.035409967699832554
2021-01-27,2.759999990463257,2.7730000019073486,2.650000095367432,2.650000095367432,153190,0.039156662466513836,0.03783501686117951
2021-01-28,2.6640000343322754,2.700999975204468,2.5910000801086426,2.674999952316284,159820,-0.034782592921265953,0.03942002809838177
2021-01-29,2.563999891281128,2.7100000381469727,2.553999900817871,2.680000066757202,133177,-0.03753759075165031,0.04058130368952333
2021-02-01,2.8499999046325684,2.868000030517578,2.711999893188477,2.7300000190734863,243658,0.11154447171545612,0.05412795397184645
2021-02-02,2.845000028610229,3.005000114440918,2.811000108718872,2.8289999961853027,236392,-0.0017543425226829168,0.04750702017064913
2021-02-03,2.7890000343322754,2.8940000534057617,2.747999906539917,2.82699990272522,158484,-0.019683653326818873,0.04839048904723058
2021-02-04,2.934999942779541,2.976999998092652,2.733999967575073,2.776000022888184,186926,0.05234847854070401,0.04883163238076596
2021-02-05,2.86299991607666,3.056999921798706,2.8510000705718994,2.9570000171661377,270029,-0.024531525760335904,0.04939560788965732
2021-02-08,2.881999969482422,2.984999895095825,2.844000101089477,2.9089999198913574,194660,0.006636414237761734,0.04659993096323086
2021-02-09,2.8350000381469727,2.927000045776367,2.7880001068115234,2.882999897003174,196927,-0.01630809570892877,0.04722660217253821
2021-02-10,2.9110000133514404,2.9820001125335693,2.740999937057495,2.819000005722046,266986,0.026807751034156446,0.046462387277746035
2021-02-11,2.868000030517578,3.0450000762939453,2.83899998664856,2.9749999046325684,261922,-0.01477155020152554,0.04490237658298632
2021-02-12,2.9119999408721924,2.986999988555908,2.8340001106262207,2.869999885559082,190054,0.01534167011381582,0.04192258706906004
2021-02-16,3.128999948501587,3.21399998664856,2.9760000705718994,3.0460000038146973,288942,0.07451923490231915,0.03299113330219998
2021-02-17,3.219000101089477,3.315999984741211,3.049000024795532,3.0980000495910645,218620,0.028763232364701574,0.033208121750206605
2021-02-18,3.0820000171661377,3.2980000972747803,3.0409998893737797,3.2669999599456787,171654,-0.04255982591518759,0.03634302321702218
2021-02-19,3.069000005722046,3.1480000019073486,2.990999937057495,3.066999912261963,67064,-0.004218043923323922,0.033411209816551234
2021-02-22,2.953000068664551,3.0299999713897705,2.888999938964844,3.009999990463257,39814,-0.03779730754031185,0.03494095006763057
2021-02-23,2.878999948501587,2.96399998664856,2.8540000915527344,2.9489998817443848,45697,-0.025059301876829698,0.036058786816661505
2021-02-24,2.8540000915527344,2.885999917984009,2.822000026702881,2.878000020980835,113572,-0.008683521151802709,0.0357437903121378
2021-02-25,2.7769999504089355,2.8550000190734863,2.760999917984009,2.805999994277954,123990,-0.026979726234664048,0.03551412926464525
2021-02-26,2.7709999084472656,2.7860000133514404,2.697000026702881,2.7699999809265137,132989,-0.0021606201184074525,0.03531820238320186
2021-03-01,2.7769999504089355,2.809000015258789,2.7239999771118164,2.799999952316284,75971,0.002165298505921731,0.03480477732778391
2021-03-02,2.83899998664856,2.8570001125335693,2.756999969482422,2.782999992370605,109635,0.022326264798994577,0.02389038960813201
2021-03-03,2.815999984741211,2.88700008392334,2.8010001182556152,2.8480000495910645,93789,-0.008101444880420972,0.019845540136091307
2021-03-04,2.746000051498413,2.825999975204468,2.684000015258789,2.802999973297119,138699,-0.024857930973756992,0.01758750381247664
2021-03-05,2.700999975204468,2.755000114440918,2.680999994277954,2.743000030517578,116201,-0.01638750016388002,0.01746078141012131
2021-03-08,2.6640000343322754,2.733999967575073,2.622999906539917,2.690999984741211,130867,-0.013698608371661258,0.015091942356373095
2021-03-09,2.6619999408721924,2.690000057220459,2.624000072479248,2.6619999408721924,96803,-0.0007507858236887044,0.014362614350067887
2021-03-10,2.691999912261963,2.7070000171661377,2.615000009536743,2.6530001163482666,93180,0.01126971151619971,0.015549722418092103
2021-03-11,2.6679999828338623,2.71399998664856,2.635999917984009,2.688999891281128,119770,-0.008915278681392858,0.01375038236925444
2021-03-12,2.5999999046325684,2.693000078201294,2.5840001106262207,2.6689999103546143,104726,-0.02548728584663129,0.015310533461234939
2021-03-15,2.483999967575073,2.561000108718872,2.4779999256134038,2.558000087738037,136038,-0.044615362043210816,0.019126877096159678
2021-03-16,2.562000036239624,2.565999984741211,2.4790000915527344,2.49399995803833,99293,0.03140099423620213,0.021002876191529386
2021-03-17,2.5280001163482666,2.565000057220459,2.489000082015991,2.562000036239624,91676,-0.01327085066761391,0.021014176693906206
2021-03-18,2.4809999465942383,2.526000022888184,2.421999931335449,2.5230000019073486,143768,-0.018591838445767506,0.02062941266793914
2021-03-19,2.5350000858306885,2.553999900817871,2.4560000896453857,2.489000082015991,74375,0.021765473760117615,0.022719450247533093
2021-03-22,2.5820000171661377,2.5920000076293945,2.4779999256134038,2.506999969482422,108225,0.018540406210695526,0.023782233279868652
2021-03-23,2.507999897003174,2.5810000896453857,2.502000093460083,2.578000068664551,89372,-0.028659999872572617,0.025107202134065733
2021-03-24,2.5179998874664307,2.5450000762939453,2.503000020980835,2.515000104904175,48420,0.003987237190562043,0.02466339480897075
2021-03-25,2.569999933242798,2.5850000381469727,2.484999895095825,2.5199999809265137,39046,0.020651329666534934,0.026059054937694108
2021-03-26,2.556999921798706,2.586999893188477,2.5460000038146973,2.569999933242798,35201,-0.005058370343102858,0.024913139391467547
2021-03-29,2.5859999656677246,2.6070001125335693,2.5299999713897705,2.562999963760376,103898,0.011341433224846709,0.01990525672223029
2021-03-30,2.622999906539917,2.687999963760376,2.5969998836517334,2.6429998874664307,100807,0.014307788616941819,0.017948662857739363
2021-03-31,2.6080000400543213,2.6559998989105225,2.575000047683716,2.621000051498413,92080,-0.005718592077794793,0.01736053411751033
2021-04-01,2.638999938964844,2.6630001068115234,2.578000068664551,2.6050000190734863,116692,0.011886464123626705,0.01569404630156631
2021-04-05,2.510999917984009,2.615999937057495,2.48799991607666,2.5929999351501465,146892,-0.04850322998910106,0.022330294760477407
2021-04-06,2.4560000896453857,2.568000078201294,2.453000068664551,2.510999917984009,142675,-0.021903556405840297,0.022115305024744337
2021-04-07,2.5199999809265137,2.5460000038146973,2.4579999446868896,2.46399998664856,132266,0.026058586704029274,0.022315176477453427
2021-04-08,2.5220000743865967,2.5350000858306885,2.4779999256134038,2.509999990463257,140798,0.0007936878869925224,0.022285815715775942
2021-04-09,2.526000022888184,2.552000045776367,2.503000020980835,2.5199999809265137,121593,0.001586022356704353,0.021145814166954914
2021-04-12,2.561000108718872,2.6050000190734863,2.5299999713897705,2.5299999713897705,144317,0.01385593250734396,0.021634515131182728
2021-04-13,2.61899995803833,2.638000011444092,2.5290000438690186,2.553999900817871,166000,0.022647343560040722,0.022547690874680996
2021-04-14,2.618000030517578,2.6659998893737797,2.608999967575073,2.619999885559082,129020,-0.0003817974558124604,0.022094592817106254
2021-04-15,2.657999992370605,2.684999942779541,2.5829999446868896,2.617000102996826,135586,0.015278824059111518,0.022481703314639938
2021-04-16,2.680000066757202,2.700000047683716,2.657999992370605,2.6630001068115234,94879,0.008276927934441236,0.02233619211947303
2021-04-19,2.749000072479248,2.753000020980835,2.694000005722046,2.7070000171661377,105072,0.02574627015048403,0.01485554348441128
2021-04-20,2.726999998092652,2.759000062942505,2.719000101089477,2.740999937057495,96682,-0.00800293699765342,0.011997628203487317
2021-04-21,2.691999912261963,2.7249999046325684,2.6659998893737797,2.7239999771118164,99733,-0.01283464827838987,0.012707549523982791
2021-04-22,2.749000072479248,2.7790000438690186,2.657000064849853,2.696000099182129,126330,0.02117390864600388,0.013277175963568076
2021-04-23,2.7300000190734863,2.763999938964844,2.720000028610229,2.746999979019165,50602,-0.006911623464828098,0.014035793533907777
2021-04-26,2.789999961853028,2.799999952316284,2.700000047683716,2.7100000381469727,34308,0.021978000864594893,0.014641638732403279
2021-04-27,2.872999906539917,2.875999927520752,2.782999992370605,2.7860000133514404,41283,0.029749084523916336,0.015538241662713023
2021-04-28,2.924999952316284,2.936000108718872,2.868000030517578,2.872999906539917,131127,0.01809956403339852,0.015342421936411266
2021-04-29,2.9110000133514404,2.970999956130981,2.882999897003174,2.950999975204468,123113,-0.00478630399763158,0.01605336262859331
2021-04-30,2.930999994277954,2.961999893188477,2.8910000324249268,2.9059998989105225,101566,0.006870484656400722,0.016068976922173465
2021-05-03,2.9660000801086426,2.9749999046325684,2.900000095367432,2.937999963760376,101038,0.01194134626373855,0.015040875303928253
2021-05-04,2.9670000076293945,3.000999927520752,2.931999921798706,2.9609999656677246,102051,0.0003371299709187259,0.014283881704335533
2021-05-05,2.937999963760376,2.990999937057495,2.9130001068115234,2.9749999046325684,90213,-0.009774197436618559,0.013799067210291343
2021-05-06,2.927999973297119,2.970999956130981,2.907999992370605,2.947999954223633,83813,-0.003403672766032928,0.01355018781088573
2021-05-07,2.9579999446868896,2.989000082015991,2.9049999713897705,2.930000066757202,102868,0.010245891961531806,0.012737867134097329
2021-05-10,2.931999921798706,2.970999956130981,2.8980000019073486,2.970000028610229,92283,-0.008789730687752129,0.012736044984279406
2021-05-11,2.9549999237060547,2.970000028610229,2.88100004196167,2.927000045776367,107218,0.00784447562100854,0.009484485157398867
2021-05-12,2.969000101089477,2.98799991607666,2.9260001182556152,2.953000068664551,90583,0.0047377928070684305,0.007909116475279379
2021-05-13,2.9730000495910645,2.997999906539917,2.937000036239624,2.9830000400543213,96118,0.0013472375767584754,0.007597199590447068
2021-05-14,2.9609999656677246,3.0160000324249268,2.944999933242798,2.976999998092652,84204,-0.004036355103657185,0.007624788592302483
2021-05-17,3.108999967575073,3.150000095367432,3.0190000534057617,3.0190000534057617,169013,0.04998311503660324,0.017174685364434294
2021-05-18,3.01200008392334,3.134999990463257,3.003000020980835,3.121000051498413,129179,-0.031199705584876503,0.020640935595196277
2021-05-19,2.96399998664856,3.015000104904175,2.940000057220459,3.009000062942505,100252,-0.015936286831790603,0.021108088576342297
2021-05-20,2.924999952316284,2.984999895095825,2.907000064849853,2.961999893188477,85088,-0.013157906379201334,0.021558830774315467
2021-05-21,2.9059998989105225,2.9830000400543213,2.8940000534057617,2.947999954223633,58274,-0.00649574486000104,0.02133258892233887
2021-05-24,2.885999917984009,2.8940000534057617,2.8320000171661377,2.8499999046325684,43513,-0.006882306132912075,0.021269298675629586
2021-05-25,2.9130001068115234,2.940000057220459,2.872999906539917,2.885999917984009,38344,0.009355575050180587,0.021347338033319237
2021-05-26,2.983999967575073,3.0280001163482666,2.924999952316284,2.946000099182129,120871,0.02437344941990527,0.022810049444944004
2021-05-27,2.9579999446868896,3.0239999294281006,2.9140000343322754,3.0209999084472656,123065,-0.008713144494204461,0.023001108256509317
2021-05-28,2.986000061035156,3.0420000553131104,2.9549999237060547,2.963000059127808,110003,0.00946589481807103,0.02315132612463039
2021-06-01,3.1040000915527344,3.150000095367432,3.015000104904175,3.0360000133514404,193404,0.039517758910115885,0.02081354958468975
2021-06-02,3.075000047683716,3.125999927520752,3.049999952316284,3.0929999351501465,114984,-0.009342797362648203,0.018146001741393154
2021-06-03,3.0409998893737797,3.0899999141693115,3.032000064849853,3.072999954223633,100521,-0.011056961880552496,0.01766275972657751
2021-06-04,3.0969998836517334,3.121000051498413,3.009999990463257,3.062999963760376,118036,0.018414993855683903,0.017330633720997708
2021-06-07,3.069999933242798,3.115000009536743,3.032999992370605,3.108999967575073,138844,-0.008718098619073689,0.017519946565741188
2021-06-08,3.128000020980835,3.197999954223633,3.0920000076293945,3.0920000076293945,208576,0.018892537133306186,0.01736807428817546
2021-06-09,3.128999948501587,3.1679999828338623,3.1059999465942383,3.128000020980835,131717,0.0003196699213698917,0.017536601284845004
2021-06-10,3.1489999294281006,3.200000047683716,3.13100004196167,3.1540000438690186,151565,0.006391812481841397,0.016483429347542614
2021-06-11,3.2960000038146973,3.3299999237060547,3.1489999294281006,3.1530001163482666,194488,0.04668151085455685,0.02008447631918312
2021-06-14,3.351999998092652,3.364000082015991,3.2730000019073486,3.315000057220459,113120,0.016990289506414458,0.020159067152281496
2021-06-15,3.240000009536743,3.36899995803833,3.213000059127808,3.3510000705718994,154414,-0.03341288443306645,0.02211801166401357
2021-06-16,3.250999927520752,3.2739999294281006,3.187000036239624,3.2219998836517334,111287,0.003395036404824525,0.021591723804929807
2021-06-17,3.253000020980835,3.263999938964844,3.187000036239624,3.24399995803833,150052,0.0006152240863346314,0.020883704201449128
2021-06-18,3.2149999141693115,3.257999897003174,3.1659998893737797,3.2179999351501465,104935,-0.011681557505820672,0.021215016751222962
2021-06-21,3.190999984741211,3.21399998664856,3.13700008392334,3.2060000896453857,103038,-0.007464986024518061,0.021135444709214118
2021-06-22,3.257999897003174,3.2809998989105225,3.187999963760376,3.197999954223633,77088,0.02099652540969732,0.021309124208861913
2021-06-23,3.3329999446868896,3.382999897003174,3.25,3.256999969482422,75394,0.02302027319052513,0.02203671619139663
2021-06-24,3.4179999828338623,3.441999912261963,3.3010001182556152,3.315999984741211,49402,0.02550256212349189,0.02283536447882753
2021-06-25,3.496000051498413,3.510999917984009,3.414999961853028,3.424999952316284,39078,0.022820382988966825,0.019384090286745388
2021-06-28,3.617000102996826,3.63100004196167,3.484999895095825,3.502000093460083,163568,0.03461099820251756,0.021201909090785613
2021-06-29,3.630000114440918,3.811000108718872,3.571000099182129,3.5829999446868896,205478,0.003594141850679078,0.01572313132049836
2021-06-30,3.650000095367432,3.813999891281128,3.6040000915527344,3.651000022888184,187005,0.0055096364451752144,0.015615255320710803
2021-07-01,3.66100001335144,3.763999938964844,3.5910000801086426,3.746000051498413,149422,0.0030136760812606855,0.01544265205764749
2021-07-02,3.700000047683716,3.740999937057495,3.5980000495910645,3.663000106811523,111464,0.010652836435412594,0.01307136675364121
2021-07-06,3.63700008392334,3.822000026702881,3.608000040054321,3.703999996185303,152231,-0.0170270170130985,0.01503642633742404
2021-07-07,3.595999956130981,3.7070000171661377,3.5199999809265137,3.67300009727478,124615,-0.01127306209686163,0.016577556800694525
2021-07-08,3.687999963760376,3.7200000286102295,3.539999961853028,3.5789999961853027,148554,0.02558398463619005,0.016818629500840027
2021-07-09,3.674000024795532,3.742000102996826,3.6570000648498535,3.686000108718872,115679,-0.003796078932324476,0.01642311276338273
2021-07-12,3.749000072479248,3.763000011444092,3.622999906539917,3.67300009727478,127071,0.020413730859430324,0.016187471230982464
2021-07-13,3.696000099182129,3.7690000534057617,3.67300009727478,3.74399995803833,104041,-0.014137095831547875,0.014211056802506306
2021-07-14,3.660000085830689,3.755000114440918,3.624000072479248,3.694000005722046,137354,-0.009740263091282508,0.014688842915517458
2021-07-15,3.614000082015991,3.686000108718872,3.6050000190734863,3.670000076293945,117594,-0.01256830675845666,0.01516592916017899
2021-07-16,3.674000024795532,3.687999963760376,3.5840001106262207,3.617000102996826,89982,0.01660208672327168,0.016132292316615233
2021-07-19,3.7790000438690186,3.788000106811523,3.686000108718872,3.703000068664551,124163,0.028579210224510154,0.018246829185285977
2021-07-20,3.875999927520752,3.934000015258789,3.740000009536743,3.7720000743865967,118404,0.025668135095447964,0.01822656054671942
2021-07-21,3.9590001106262207,3.964999914169312,3.891000032424927,3.927000045776367,111932,0.021413876330632187,0.017598589968645068
2021-07-22,4.002999782562256,4.00600004196167,3.875999927520752,3.921999931335449,102159,0.011113834480058982,0.01673022076030656
2021-07-23,4.059999942779541,4.071000099182129,3.9760000705718994,3.996000051498413,73870,0.014239361307384346,0.016239714693455483
2021-07-26,4.102000236511231,4.186999797821045,4.010000228881836,4.025000095367432,49424,0.010344900079711783,0.015840457984247193
2021-07-27,3.970999956130981,4.113999843597412,3.934000015258789,4.09499979019165,46964,-0.0319357076614083,0.01935746910317505
2021-07-28,4.044000148773193,4.064000129699707,3.874000072479248,3.947000026702881,134730,0.018383327486444445,0.018624198125223
2021-07-29,4.059000015258789,4.0970001220703125,3.927000045776367,3.940999984741211,118446,0.0037091656611698554,0.017060366262592785
2021-07-30,3.9140000343322754,4.054999828338623,3.8550000190734863,4.051000118255615,161866,-0.035723079670219926,0.02256430931357086
2021-08-02,3.934999942779541,4.041999816894531,3.927999973297119,3.973000049591065,110953,0.0053653316972563925,0.02120252043467563
2021-08-03,4.026999950408936,4.077000141143799,3.9149999618530273,3.9590001106262207,120858,0.023379926039950538,0.020956706813696414
2021-08-04,4.1579999923706055,4.204999923706055,4.056000232696533,4.065999984741211,142586,0.03253043048792836,0.022237080646237428
2021-08-05,4.139999866485596,4.204999923706055,4.116000175476074,4.151999950408936,125228,-0.004329034612322702,0.02231228020533832
2021-08-06,4.139999866485596,4.190999984741211,4.0980000495910645,4.158999919891357,153153,0.0,0.02200991677046067
2021-08-09,4.059999942779541,4.184999942779541,4.001999855041504,4.168000221252441,179998,-0.019323653692280396,0.022772311789732234
2021-08-10,4.089000225067139,4.125999927520752,4.015999794006348,4.039000034332275,157513,0.007142926772492508,0.020021389364888165
2021-08-11,4.059000015258789,4.129000186920166,3.9790000915527344,4.110000133514404,161899,-0.007336808059935196,0.019486732833105046
2021-08-12,3.933000087738037,4.066999912261963,3.900000095367432,4.057000160217285,186993,-0.031042110629979525,0.021818242787649704
2021-08-13,3.861000061035156,3.953000068664551,3.845999956130981,3.9149999618530273,123011,-0.018306642536662143,0.01947981561129975
2021-08-16,3.946000099182129,3.98799991607666,3.816999912261963,3.8329999446868896,101673,0.02201503154708173,0.020771278762863565
2021-08-17,3.836999893188477,3.953999996185303,3.802999973297119,3.937999963760376,131222,-0.027622960784071893,0.020783383225299424
2021-08-18,3.8519999980926514,3.875,3.7890000343322754,3.825999975204468,95512,0.003909331592842236,0.016659340390029954
2021-08-19,3.829999923706055,3.88100004196167,3.733999967575073,3.825999975204468,121756,-0.005711338109421038,0.01663592211147221
2021-08-20,3.8510000705718994,3.950999975204468,3.8329999446868896,3.86299991607666,108518,0.005483067176023315,0.017001595662032503
2021-08-23,3.944999933242798,3.953000068664551,3.838000059127808,3.861999988555908,85497,0.024409208244168923,0.01900828854029616
2021-08-24,3.8959999084472656,3.9700000286102295,3.884000062942505,3.928999900817871,57633,-0.012420792300306571,0.018888374043677443
2021-08-25,3.8970000743865967,3.990999937057495,3.858000040054321,3.900000095367432,39372,0.0002567161095570203,0.018921519703682027
2021-08-26,4.184000015258789,4.2170000076293945,3.8959999084472656,3.9170000553131104,76860,0.07364637808413876,0.028681453884957624
2021-08-27,4.369999885559082,4.396999835968018,4.197000026702881,4.202000141143799,210959,0.044455035760507355,0.029489518189353314
2021-08-30,4.304999828338623,4.526000022888184,4.2220001220703125,4.499000072479248,167098,-0.014874155359878904,0.03050435727671374
2021-08-31,4.376999855041504,4.416999816894531,4.215000152587891,4.311999797821045,147419,0.016724745545615205,0.02765426649701396
2021-09-01,4.614999771118164,4.705999851226807,4.377999782562256,4.402999877929688,241159,0.054375125418961945,0.030181078772973536
2021-09-02,4.640999794006348,4.727000236511231,4.577000141143799,4.638999938964844,176845,0.005633808055830913,0.02936647154145821
2021-09-03,4.711999893188477,4.7179999351501465,4.585999965667725,4.626999855041504,110953,0.015298449113017032,0.02899764804282196
2021-09-07,4.567999839782715,4.77400016784668,4.557000160217285,4.710000038146973,163663,-0.030560283673589206,0.03314113407077754
2021-09-08,4.914000034332275,5.010000228881836,4.585000038146973,4.5980000495910645,244742,0.0757443534774771,0.03651632822425362
2021-09-09,5.031000137329102,5.046999931335449,4.820000171661377,4.916999816894531,234848,0.023809544603050625,0.03555668557931087
2021-09-10,4.938000202178955,5.058000087738037,4.913000106811523,5.001999855041504,151036,-0.018485377183773855,0.03385723900957822
2021-09-13,5.230999946594238,5.289000034332275,4.879000186920166,4.945000171661377,201770,0.05933570927882781,0.03547595497758868
2021-09-14,5.260000228881836,5.36899995803833,5.171000003814697,5.198999881744385,200943,0.005543927085390088,0.0338805928288238
2021-09-15,5.460000038146973,5.650000095367432,5.265999794006348,5.28000020980835,279117,0.03802277577232216,0.034267213671624934
2021-09-16,5.335000038146973,5.599999904632568,5.228000164031982,5.409999847412109,221139,-0.022893772733822648,0.035076357599589145
2021-09-17,5.105000019073486,5.394000053405762,5.044000148773193,5.269999980926514,164579,-0.043111530914510254,0.03963570098374488
2021-09-20,4.985000133514404,5.171999931335449,4.90500020980835,5.014999866485596,156870,-0.023506343802298546,0.04096597977262385
2021-09-21,4.804999828338623,5.046000003814697,4.735000133514404,4.961999893188477,163097,-0.036108385226638284,0.04155533596076177
2021-09-22,4.804999828338623,4.8979997634887695,4.74399995803833,4.810999870300293,108777,0.0,0.03352384884703901
2021-09-23,4.97599983215332,5.037000179290772,4.741000175476074,4.757999897003174,105201,0.0355879313056755,0.03470725626683357
2021-09-24,5.139999866485596,5.183000087738037,4.989999771118164,5.035999774932861,47436,0.03295820736820754,0.03555747239970964
2021-09-27,5.705999851226807,5.85099983215332,5.176000118255615,5.190999984741211,63065,0.11011673140921796,0.04626092388971261
2021-09-28,5.841000080108643,6.28000020980835,5.602000236511231,5.800000190734863,338968,0.023659346723048147,0.046436152051991926
2021-09-29,5.477000236511231,5.954999923706055,5.421000003814697,5.85699987411499,226344,-0.06231806858503597,0.050706286609731095
2021-09-30,5.867000102996826,5.99399995803833,5.341000080108643,5.456999778747559,243240,0.07120683761993396,0.05429367991894493
2021-10-01,5.61899995803833,6.010000228881836,5.5329999923706055,5.974999904632568,178941,-0.0422703495150476,0.054201362874700086
2021-10-04,5.765999794006348,6.064000129699707,5.627999782562256,5.627999782562256,209582,0.026161209657552087,0.05295624364967676
2021-10-05,6.311999797821045,6.392000198364258,5.789999961853027,5.829999923706055,219522,0.09469303214028102,0.054804717399615704
2021-10-06,5.675000190734863,6.466000080108643,5.663000106811523,6.321000099182129,274653,-0.10091882564794741,0.0683514720903165
2021-10-07,5.677000045776367,5.835000038146973,5.39300012588501,5.710000038146973,239503,0.0003523973522976398,0.06830309281121505
2021-10-08,5.565000057220459,5.875999927520752,5.547999858856201,5.761000156402588,163349,-0.0197287277880569,0.06882519721822217
2021-10-11,5.34499979019165,5.798999786376953,5.308000087738037,5.695000171661377,188699,-0.039532841826904086,0.060416474622511804
2021-10-12,5.505000114440918,5.5229997634887695,5.168000221252441,5.4079999923706055,215447,0.029934580080410278,0.06077723069097315
2021-10-13,5.590000152587891,5.692999839782715,5.349999904632568,5.455999851226807,198786,0.01544051523704737,0.057401886948469164
2021-10-14,5.686999797821045,5.964000225067139,5.604000091552734,5.676000118255615,169162,0.017352351088621765,0.05267939669853787
2021-10-15,5.409999847412109,5.789000034332275,5.400000095367432,5.640999794006348,184583,-0.04870757169976814,0.05326425909099074
2021-10-18,4.988999843597412,5.369999885559082,4.954999923706055,5.298999786376953,167896,-0.07781885687410584,0.0570623154393409
2021-10-19,5.0879998207092285,5.099999904632568,4.824999809265137,4.985000133514404,152725,0.019843652077653928,0.04502049236802328
2021-10-20,5.170000076293945,5.2210001945495605,4.912000179290772,5.065999984741211,140026,0.016116403002012447,0.036081655659388825
2021-10-21,5.114999771118164,5.227000236511231,5.00600004196167,5.151000022888184,107707,-0.010638356743547184,0.03594325505139176
2021-10-22,5.28000020980835,5.379000186920166,5.120999813079834,5.196000099182129,74365,0.032258151725022666,0.03804177227617111
2021-10-25,5.8979997634887695,6.007999897003174,5.461999893188477,5.4679999351501465,50883,0.11704536536426602,0.051792791031642665
2021-10-26,5.881999969482422,6.091000080108643,5.59499979019165,5.959000110626221,50705,-0.002712749177338658,0.051500560993579254
2021-10-27,6.202000141143799,6.290999889373779,5.769999980926514,5.857999801635742,187421,0.05440329366229757,0.053573475631680564
2021-10-28,5.7820000648498535,6.205999851226807,5.7129998207092285,6.138000011444092,165632,-0.06772010105380089,0.05905302461235332
2021-10-29,5.426000118255615,5.836999893188477,5.401000022888184,5.73199987411499,154410,-0.06157038094109446,0.06043341294655438
2021-11-01,5.185999870300293,5.497000217437744,5.116000175476074,5.309999942779541,163258,-0.04423152280219245,0.05630137192975451
2021-11-02,5.541999816894531,5.565000057220459,5.205999851226807,5.21999979019165,153757,0.068646346991448,0.05971570140640471
2021-11-03,5.670000076293945,5.864999771118164,5.465000152587891,5.552999973297119,141498,0.023096402675657046,0.059833741543465345
2021-11-04,5.716000080108643,5.875999927520752,5.534999847412109,5.860000133514404,147035,0.008112875343162962,0.0593773099611177
2021-11-05,5.515999794006348,5.760000228881836,5.500999927520752,5.670000076293945,133344,-0.034989552711569116,0.06071329561260977
2021-11-08,5.427000045776367,5.663000106811523,5.380000114440918,5.605000019073486,154221,-0.01613483530704385,0.046621704336697024
2021-11-09,4.979000091552734,5.4670000076293945,4.909999847412109,5.409999847412109,202741,-0.08255020277221015,0.05224387020915943
2021-11-10,4.880000114440918,5.046000003814697,4.724999904632568,4.961999893188477,170388,-0.019883505782572253,0.046159542467272885
2021-11-11,5.14900016784668,5.176000118255615,4.888999938964844,4.916999816894531,135953,0.0551229604707868,0.04910578967995447
2021-11-12,4.790999889373779,5.140999794006348,4.751999855041504,5.129000186920166,137099,-0.06952811551812721,0.05008126039673544
2021-11-15,5.017000198364258,5.065000057220459,4.7129998207092285,4.902999877929688,117666,0.0471718460047843,0.05170442382808466
2021-11-16,5.177000045776367,5.394000053405762,5.02400016784668,5.058000087738037,141140,0.031891536991422775,0.04722980042476274
2021-11-17,4.815999984741211,5.164999961853027,4.800000190734863,5.158999919891357,145607,-0.06973151590556326,0.049969062863442465
2021-11-18,4.901999950408936,5.0320000648498535,4.829999923706055,4.895999908447266,111027,0.01785713578492598,0.05056246630870741
2021-11-19,5.065000057220459,5.156000137329102,4.8379998207092285,4.894999980926514,110058,0.03325175611189568,0.0520108040615387
2021-11-22,4.789000034332275,4.956999778747559,4.6479997634887695,4.909999847412109,96186,-0.05449161298522176,0.05411055187497178
2021-11-23,4.9670000076293945,5.081999778747559,4.756999969482422,4.796000003814697,47431,0.03716850532909577,0.04959881950678842
2021-11-24,5.067999839782715,5.150000095367432,4.880000114440918,4.992000102996826,40864,0.020334171934403678,0.0493578186480565
2021-11-26,5.447000026702881,5.561999797821045,4.982999801635742,5.025000095367432,141778,0.07478299110136022,0.05190611167388065
2021-11-29,4.854000091552734,5.199999809265137,4.817999839782715,5.198999881744385,172471,-0.10886725394585595,0.059303302964304326
2021-11-30,4.566999912261963,4.900000095367432,4.48199987411499,4.873000144958496,171822,-0.05912652943501773,0.06001583998355322
2021-12-01,4.257999897003174,4.664000034332275,4.21999979019165,4.605999946594238,171938,-0.0676592995828954,0.06096909765866182
2021-12-02,4.056000232696533,4.335000038146973,4.041999816894531,4.264999866485596,145506,-0.04744003503823713,0.05923612533074899
2021-12-03,4.131999969482422,4.284999847412109,4.065999984741211,4.105000019073486,124765,0.0187376066138345,0.05929171008906627
2021-12-06,3.6570000648498535,3.885999917984009,3.630000114440918,3.825999975204468,176715,-0.11495641532932233,0.06412482951508126
2021-12-07,3.7079999446868896,3.828999996185303,3.6570000648498535,3.680000066757202,162973,0.01394582415440282,0.06488600924498804
2021-12-08,3.815000057220459,3.930999994277954,3.723000049591065,3.733999967575073,146872,0.028856557208660982,0.0640733707242107
2021-12-09,3.813999891281128,3.924000024795532,3.724999904632568,3.818000078201294,141107,-0.00026216669051892794,0.06280338007602008
2021-12-10,3.924999952316284,3.964999914169312,3.759999990463257,3.79800009727478,133283,0.0291033204507698,0.055927247896513085
2021-12-13,3.7939999103546143,4.085000038146973,3.7699999809265137,3.974999904632568,162586,-0.033375807274688474,0.04886256188792819
2021-12-14,3.746999979019165,3.839999914169312,3.686000108718872,3.802000045776367,116826,-0.012387963217177944,0.04725502781433561
2021-12-15,3.802000045776367,3.9260001182556152,3.766000032424927,3.785000085830689,110311,0.014678427292545537,0.044858764881503345
2021-12-16,3.766000032424927,3.9760000705718994,3.7290000915527344,3.813999891281128,122851,-0.009468704081535328,0.04293233708708758
2021-12-17,3.690000057220459,3.813999891281128,3.617000102996826,3.7829999923706055,101625,-0.020180556173689634,0.04214580777073188
2021-12-20,3.8340001106262207,3.924000024795532,3.641999959945679,3.6449999809265137,128582,0.03902440411186103,0.023869093889930217
2021-12-21,3.86899995803833,3.947000026702881,3.7190001010894775,3.839999914169312,128438,0.009128807094998415,0.02371646750090067
2021-12-22,3.9760000705718994,4.040999889373779,3.815999984741211,3.869999885559082,86619,0.027655754379439346,0.023582169113171757
2021-12-23,3.7309999465942383,4.00600004196167,3.5989999771118164,3.9700000286102295,82233,-0.0616197483976455,0.031560220477986
2021-12-27,4.059999942779541,4.086999893188477,3.766999959945679,3.9579999446868896,38911,0.08818011281013916,0.041833312355995994
2021-12-28,4.054999828338623,4.15399980545044,3.954999923706055,4.065000057220459,35643,-0.0012315552983714895,0.03981459489457545
2021-12-29,4.02400016784668,4.261000156402588,3.9049999713897705,4.079999923706055,141906,-0.007644799458510487,0.039580522861636644
2021-12-30,3.561000108718872,3.9660000801086426,3.5360000133514404,3.8529999256134033,124667,-0.11505965204160717,0.05525405251314519
2021-12-31,3.7300000190734863,3.7939999103546143,3.572000026702881,3.58899998664856,93098,0.0474585524276816,0.057637561072549096
2022-01-03,3.815000057220459,3.858000040054321,3.638000011444092,3.70199990272522,99069,0.022788213863893292,0.0575201710193435
2022-01-04,3.7170000076293945,3.944000005722046,3.7090001106262207,3.816999912261963,133394,-0.025688086008173072,0.05688719406532324
2022-01-05,3.881999969482422,3.8970000743865967,3.7170000076293945,3.746999979019165,96811,0.0443906272570227,0.05869061541143353
2022-01-06,3.812000036239624,3.930999994277954,3.8010001182556152,3.8420000076293945,116579,-0.01803192524293884,0.058241430193535365
2022-01-07,3.9159998893737793,3.9800000190734863,3.799999952316284,3.859999895095825,127012,0.027282227740151432,0.054930245121587465
2022-01-10,4.078999996185303,4.2129998207092285,3.9769999980926514,4.144000053405762,177628,0.041624134682391345,0.0488506823569836
2022-01-11,4.249000072479248,4.261000156402588,4.006999969482422,4.11899995803833,121623,0.0416769003316817,0.050434217416244174
2022-01-12,4.85699987411499,4.879000186920166,4.185999870300293,4.224999904632568,217499,0.1430924432253493,0.0660511334535532
2022-01-13,4.269999980926514,4.843999862670898,4.244999885559082,4.790999889373779,221612,-0.12085647692042312,0.06738933312354743
2022-01-14,4.26200008392334,4.304999828338623,4.0970001220703125,4.263000011444092,108856,-0.0018735121870979698,0.06699077887968771
2022-01-18,4.2829999923706055,4.389999866485596,4.216000080108643,4.355999946594238,119454,0.004927242617023708,0.06701120696273762
2022-01-19,4.031000137329102,4.385000228881836,4.010000228881836,4.327000141143799,116542,-0.05883722986000384,0.06992999081118813
2022-01-20,3.802000045776367,4.037000179290772,3.7809998989105225,4.014999866485596,104199,-0.05680974541084172,0.07175359950634368
2022-01-21,3.999000072479248,4.044000148773193,3.8329999446868896,3.838000059127808,70256,0.05181484069726072,0.07316521039674122
2022-01-24,4.026999950408936,4.067999839782715,3.875999927520752,3.9149999618530273,47100,0.0070017197854985724,0.07282712501789246
2022-01-25,4.052999973297119,4.078999996185303,3.888999938964844,3.9590001106262207,23443,0.006456424933787952,0.07171208611911022
2022-01-26,4.276999950408936,4.389999866485596,4.011000156402588,4.039999961853027,44321,0.05526769765300377,0.07267705714176421
2022-01-27,6.264999866485596,7.34600019454956,4.230000019073486,4.230000019073486,193252,0.46481176972812,0.16014565462676414
2022-01-28,4.638999938964844,4.875999927520752,4.285999774932861,4.3420000076293945,263418,-0.2595371048958809,0.17994137432766036
2022-01-31,4.874000072479248,5.057000160217285,4.695000171661377,4.867000102996826,156746,0.05065749872953074,0.17995575093414806
2022-02-01,4.750999927520752,4.973999977111816,4.619999885559082,4.921000003814697,140785,-0.025235975200946115,0.18061051993927643
2022-02-02,5.500999927520752,5.572000026702881,4.85699987411499,4.89300012588501,305898,0.15786150524977538,0.18261484476486056
2022-02-03,4.888000011444092,5.453999996185303,4.815999984741211,5.420000076293945,205841,-0.11143427088771718,0.18677577460243502
2022-02-04,4.572000026702881,5.086999893188477,4.486999988555908,4.928999900817871,152119,-0.0646481145665655,0.18955139326645662
2022-02-07,4.23199987411499,4.4679999351501465,4.119999885559082,4.383999824523926,192859,-0.07436573722705841,0.19228534155609525
2022-02-08,4.248000144958496,4.38100004196167,4.172999858856201,4.276000022888184,154444,0.003780782447885045,0.1923081158762667
2022-02-09,4.008999824523926,4.258999824523926,3.983000040054321,4.210999965667725,154599,-0.0562618437568122,0.1932489715621878
2022-02-10,3.9590001106262207,4.067999839782715,3.881999969482422,4.034999847412109,141740,-0.01247186732008465,0.10832353882245428
2022-02-11,3.940999984741211,4.056000232696533,3.875999927520752,3.944000005722046,177373,-0.004546634347570744,0.07582048658464162
2022-02-14,4.195000171661377,4.229000091552734,4.039999961853027,4.103000164031982,121204,0.06445069472306653,0.07723298719539333
2022-02-15,4.306000232696533,4.427999973297119,4.1570000648498535,4.183000087738037,141954,0.026460084980448606,0.07799632204749148
2022-02-16,4.7170000076293945,4.739999771118164,4.369999885559082,4.39300012588501,155480,0.09544815437120446,0.06468979820064287
2022-02-17,4.486000061035156,4.793000221252441,4.401999950408936,4.642000198364258,117789,-0.04897179271159913,0.05668849623879976
2022-02-18,4.431000232696533,4.65399980545044,4.370999813079834,4.517000198364258,73219,-0.01226032714897729,0.05308691923868921
2022-02-22,4.498000144958496,4.861000061035156,4.447999954223633,4.593999862670898,42641,0.015120719644194036,0.04666303293574251
2022-02-23,4.623000144958496,4.703999996185303,4.452000141143799,4.504000186920166,47180,0.027790128050596996,0.04709042993322632
2022-02-24,4.567999839782715,4.940000057220459,4.293000221252441,4.603000164031982,184107,-0.011897102195802534,0.042026609954830534
2022-02-25,4.46999979019165,4.716000080108643,4.416999816894531,4.572999954223633,114859,-0.021453601801292077,0.042743001215530256
2022-02-28,4.401999950408936,4.683000087738037,4.366000175476074,4.619999885559082,107186,-0.015212492835441127,0.04335853245746745
2022-03-01,4.572999954223633,4.626999855041504,4.340000152587891,4.4079999923706055,112546,0.038845980404613734,0.04058056588085034
2022-03-02,4.76200008392334,4.910999774932861,4.599999904632568,4.599999904632568,141694,0.04132957174538032,0.04153682326349383
2022-03-03,4.7220001220703125,4.935999870300293,4.627999782562256,4.795000076293945,137151,-0.008399823844621235,0.029189050049444314
2022-03-04,5.015999794006348,5.045000076293945,4.728000164031982,4.75,125385,0.06226168240909202,0.02943954907431874
2022-03-07,4.833000183105469,5.184000015258789,4.781000137329102,5.040999889373779,130864,-0.036483177515187815,0.03246329522584476
2022-03-08,4.526999950408936,4.881999969482422,4.506999969482422,4.817999839782715,159168,-0.06331475710806,0.03956903019366073
2022-03-09,4.526000022888184,4.625,4.449999809265137,4.568999767303467,95126,-0.00022088083315807694,0.0384651513198943
2022-03-10,4.63100004196167,4.671000003814697,4.499000072479248,4.519999980926514,81807,0.023199297070812364,0.03900383747949524
2022-03-11,4.724999904632568,4.796999931335449,4.622000217437744,4.6570000648498535,84506,0.02029796195620004,0.03843827812439397
2022-03-14,4.6579999923706055,4.758999824523926,4.50600004196167,4.704999923706055,73961,-0.014179875897198158,0.0383756089168677
2022-03-15,4.567999839782715,4.682000160217285,4.459000110626221,4.678999900817871,86943,-0.01932163004192855,0.03729309564437143
2022-03-16,4.748000144958496,4.776000022888184,4.593999862670898,4.625,80521,0.03940462160444014,0.037063286378555854
2022-03-17,4.989999771118164,5.000999927520752,4.690999984741211,4.747000217437744,93844,0.050968748688145604,0.040137910756926715
2022-03-18,4.86299991607666,4.956999778747559,4.810999870300293,4.929999828338623,67268,-0.02545087392119172,0.03590066402717862
2022-03-21,4.900000095367432,4.97599983215332,4.748000144958496,4.908999919891357,75457,0.007608509136192154,0.0339174223387876
2022-03-22,5.186999797821045,5.203999996185303,4.876999855041504,4.947999954223633,122753,0.05857136670771679,0.029489728604964127
2022-03-23,5.23199987411499,5.329999923706055,5.0920000076293945,5.146999835968018,74535,0.008675550038164337,0.02914225194778454
2022-03-24,5.401000022888184,5.464000225067139,5.063000202178955,5.114999771118164,84230,0.03230125245402071,0.029566628976911202
2022-03-25,5.571000099182129,5.577000141143799,5.34499979019165,5.401000022888184,29472,0.03147566664942136,0.02996055404493735
2022-03-28,5.507999897003174,5.651999950408936,5.419000148773193,5.551000118255615,33907,-0.01130859828708386,0.02964053195740533
2022-03-29,5.335999965667725,5.491000175476074,5.255000114440918,5.453000068664551,111300,-0.031227293854713345,0.03145799789653228
2022-03-30,5.605000019073486,5.624000072479248,5.269999980926514,5.328999996185303,117845,0.05041230418600651,0.03253804762697952
2022-03-31,5.642000198364258,5.831999778747559,5.453999996185303,5.574999809265137,159717,0.006601280850109248,0.030375272192426556
2022-04-01,5.71999979019165,5.777999877929688,5.505000114440918,5.626999855041504,178521,0.013824811961191674,0.027264659042641227
2022-04-04,5.711999893188477,5.85699987411499,5.650000095367432,5.744999885559082,137180,-0.0013985834434629973,0.02774272292283761
2022-04-05,6.0320000648498535,6.201000213623047,5.770999908447266,5.7820000648498535,158216,0.05602244006393886,0.027314417072754466
2022-04-06,6.02899980545044,6.394000053405762,6.0,6.078000068664551,166720,-0.0004973904786401695,0.02772147286337926
2022-04-07,6.359000205993652,6.440000057220459,6.0,6.116000175476074,199510,0.05473551354983952,0.030115688461067873
2022-04-08,6.277999877929688,6.538000106811523,6.256999969482422,6.410999774932861,188342,-0.012737903041364462,0.03096571840539783
2022-04-11,6.64300012588501,6.7220001220703125,6.247000217437744,6.394000053405762,177957,0.058139575510104624,0.032781537210042073
2022-04-12,6.679999828338623,6.947000026702881,6.599999904632568,6.704999923706055,234248,0.005569727796547852,0.02821610223687389
2022-04-13,6.997000217437744,7.091000080108643,6.651999950408936,6.703999996185303,210551,0.04745514928822425,0.027911524039944947
2022-04-14,7.300000190734863,7.34600019454956,6.949999809265137,7.046000003814697,214218,0.04330426809791854,0.027962055626110184
2022-04-18,7.820000171661377,8.0649995803833,7.364999771118164,7.367000102996826,191084,0.07123287223834551,0.030829957844001752
2022-04-19,7.176000118255615,7.939000129699707,6.953999996185303,7.776000022888184,236995,-0.08235294619807432,0.04701028957429179
2022-04-20,6.936999797821045,7.409999847412109,6.790999889373779,7.252999782562256,157958,-0.033305506758083525,0.0487234925900068
2022-04-21,6.956999778747559,7.145999908447266,6.703000068664551,6.824999809265137,145263,0.0028830880076997634,0.048614438634307304
2022-04-22,6.533999919891357,7.079999923706055,6.438000202178955,6.938000202178955,80599,-0.06080205150334961,0.051871848002511795
2022-04-25,6.669000148773193,6.966000080108643,6.34499979019165,6.414000034332275,32516,0.020661192307464882,0.05175388884263895
2022-04-26,6.849999904632568,7.050000190734863,6.662000179290772,6.835999965667725,41407,0.02714046361097644,0.049236099540913195
2022-04-27,7.267000198364258,7.343999862670898,6.800000190734863,6.857999801635742,155327,0.06087595613682817,0.052413437322422984
2022-04-28,6.888000011444092,7.421999931335449,6.879000186920166,7.394999980926514,139569,-0.05215359523527685,0.05388731444438399
2022-04-29,7.24399995803833,7.335000038146973,6.804999828338623,6.939000129699707,109239,0.05168408043013373,0.05469893710863151
2022-05-02,7.474999904632568,7.617000102996826,7.218999862670898,7.4120001792907715,110917,0.031888452226992214,0.05029010954840881
2022-05-03,7.953999996185303,8.168999671936035,7.539000034332275,7.539999961853027,153339,0.064080280623934,0.0458529097206948
2022-05-04,8.414999961853027,8.473999977111816,7.729000091552734,7.815000057220459,132317,0.057958255706414,0.0450650242441166
2022-05-05,8.782999992370605,8.913000106811523,8.116999626159668,8.354999542236328,160163,0.04373143579153882,0.045149870163361645
2022-05-06,8.043000221252441,8.996000289916992,7.956999778747559,8.843000411987305,168297,-0.08425364587965023,0.05037946797476073
2022-05-09,7.026000022888184,8.286999702453613,6.961999893188477,7.842999935150146,202616,-0.12644537739499062,0.06892868572550334
2022-05-10,7.385000228881836,7.4629998207092285,6.429999828338623,7.03000020980835,185464,0.051095958557380916,0.070095420675613
2022-05-11,7.639999866485596,7.72100019454956,7.296000003814697,7.311999797821045,120930,0.03452940144896499,0.0684398529744087
2022-05-12,7.738999843597412,7.789999961853027,7.255000114440918,7.63700008392334,107056,0.012958112413862688,0.06518433148812867
2022-05-13,7.663000106811523,7.919000148773193,7.514999866485596,7.672999858856201,85042,-0.009820356418376752,0.06409706407158507
2022-05-16,7.955999851226807,8.182999610900879,7.663000106811523,7.699999809265137,93521,0.03823564404688451,0.06439534139553332
2022-05-17,8.303999900817871,8.371999740600586,8.015000343322754,8.015999794006348,76666,0.04374058020343008,0.06273425455390287
2022-05-18,8.368000030517578,8.54800033569336,8.15999984741211,8.317999839782715,80717,0.007707144805409127,0.06008179962176746
2022-05-19,8.307999610900879,8.5,7.90500020980835,8.239999771118164,90577,-0.007170222203379706,0.058199979502863756
2022-05-20,8.083000183105469,8.189000129699707,7.836999893188477,8.112000465393066,85458,-0.027082262678514102,0.05190142866566528
2022-05-23,8.744000434875488,8.821999549865723,7.85099983215332,8.079000473022461,65546,0.08177659740149412,0.03311265847235613
2022-05-24,8.795999526977539,8.930000305175781,8.604999542236328,8.72700023651123,31660,0.005946830914446366,0.031849004650433395
2022-05-25,8.970999717712402,9.39900016784668,8.765000343322754,8.831000328063965,37393,0.019895429757372574,0.0313414747889537
2022-05-26,8.907999992370605,9.401000022888184,8.78499984741211,8.984000205993652,163265,-0.007022598074260311,0.03222521883826591
2022-05-27,8.72700023651123,8.895000457763672,8.28499984741211,8.810999870300293,107093,-0.02031878715922708,0.033264199868827456
2022-05-31,8.145000457763672,8.916000366210938,8.118000030517578,8.87399959564209,125484,-0.06668955688950717,0.04040216029040654
2022-06-01,8.696000099182129,8.791000366210938,8.145999908447266,8.270999908447266,111962,0.06764881650721755,0.043652390100313736
2022-06-02,8.484999656677246,9.057000160217283,8.376999855041504,8.782999992370605,119011,-0.024264080048104875,0.04463010965650991
2022-06-03,8.52299976348877,8.692999839782715,8.267000198364258,8.411999702453613,75228,0.004478504224996627,0.04450813111642138
2022-06-06,9.321999549865724,9.399999618530272,8.732000350952148,8.75,129103,0.09374631098779895,0.05120024108326723
2022-06-07,9.29300022125244,9.543999671936035,9.199999809265137,9.359000205993652,140029,-0.0031108485318155354,0.04574047947026745
2022-06-08,8.699000358581543,9.663999557495115,8.427000045776367,9.335000038146973,250296,-0.06391906257706315,0.05096222469452704
2022-06-09,8.963000297546387,9.03600025177002,8.015999794006348,8.628999710083008,244480,0.030348307631049565,0.05151879054613814
2022-06-10,8.850000381469727,9.14900016784668,8.621999740600586,8.996999740600586,134611,-0.012607376138054294,0.05164661284031513
2022-06-13,8.609000205993652,8.949999809265137,8.381999969482422,8.920000076293945,167556,-0.027231657072092852,0.052001740747953044
2022-06-14,7.189000129699707,8.888999938964844,7.007999897003174,8.685999870300293,273717,-0.16494366852324271,0.07156947299276088
2022-06-15,7.420000076293945,7.697999954223633,7.201000213623047,7.269000053405762,123589,0.03213241652895715,0.06808523845338516
2022-06-16,7.464000225067139,8.027000427246094,7.329999923706055,7.539999961853027,137433,0.005929939126789074,0.06822603593641219
2022-06-17,6.943999767303467,7.5879998207092285,6.88100004196167,7.453999996185303,103759,-0.06966779770682474,0.07040928468818705
2022-06-21,6.808000087738037,6.97599983215332,6.553999900817871,6.800000190734863,120010,-0.019585207966998808,0.05855995320819349
2022-06-22,6.857999801635742,6.929999828338623,6.574999809265137,6.843999862670898,92473,0.007344258703486206,0.05916895835587263
2022-06-23,6.238999843597412,6.840000152587891,6.175000190734863,6.828999996185303,78031,-0.09025954738153952,0.061476094498869156
2022-06-24,6.21999979019165,6.336999893188477,6.020999908447266,6.228000164031982,26571,-0.0030453684696369887,0.05862296980489082
2022-06-27,6.500999927520752,6.538000106811523,6.010000228881836,6.125999927520752,33103,0.045176872477104,0.0636218473915926
2022-06-28,6.551000118255615,6.764999866485596,6.386000156402588,6.448999881744385,90792,0.0076911538674531155,0.06464428073832967
2022-06-29,6.498000144958496,6.833000183105469,6.40500020980835,6.631999969482422,82205,-0.008090363660569144,0.041935275122381356
2022-06-30,5.423999786376953,6.602000236511231,5.35699987411499,6.427999973297119,182579,-0.16528167661165893,0.06197512212325642
2022-07-01,5.730000019073486,5.949999809265137,5.590000152587891,5.701000213623047,106967,0.05641597432674872,0.06698839256860094
2022-07-05,5.5229997634887695,5.9070000648498535,5.324999809265137,5.711999893188477,110174,-0.036125698934672545,0.06526126617537634
2022-07-06,5.510000228881836,5.736999988555908,5.380000114440918,5.460000038146973,73506,-0.0023537090645685543,0.06551731930652666
2022-07-07,6.296999931335449,6.38100004196167,5.48799991607666,5.539000034332275,127670,0.14283115603668883,0.08316811676790233
2022-07-08,6.033999919891357,6.304999828338623,6.01200008392334,6.188000202178955,107326,-0.04176592255231537,0.07897207391875505
2022-07-11,6.426000118255615,6.689000129699707,6.23199987411499,6.446000099182129,109392,0.06496523095269047,0.08160869758591055
2022-07-12,6.163000106811523,6.785999774932861,6.013999938964844,6.525000095367432,132046,-0.04092748313168182,0.08159889513969111
2022-07-13,6.689000129699707,6.797999858856201,6.201000213623047,6.251999855041504,116805,0.08534804701801546,0.08621622970049736
2022-07-14,6.599999904632568,6.8979997634887695,6.537000179290772,6.5980000495910645,121044,-0.013305460209511843,0.08632328656052919
2022-07-15,7.015999794006348,7.144000053405762,6.420000076293945,6.669000148773193,105875,0.06303028717951764,0.06345035623391197
2022-07-18,7.479000091552734,7.553999900817871,7.078000068664551,7.168000221252441,91133,0.06599206259126755,0.06399991628091853
2022-07-19,7.263999938964844,7.540999889373779,7.109000205993652,7.432000160217285,96160,-0.028747178761332814,0.06320623243543338
2022-07-20,8.006999969482422,8.039999961853027,7.173999786376953,7.311999797821045,120860,0.10228524735140065,0.06594774859935261
2022-07-21,7.932000160217285,8.175999641418457,7.605999946594238,7.873000144958496,96422,-0.009366780261145013,0.05644998909332779
2022-07-22,8.298999786376953,8.416999816894531,7.75,7.892000198364258,52813,0.04626823231804056,0.051578349039065614
2022-07-25,8.72700023651123,8.87399959564209,8.347000122070312,8.390000343322754,33164,0.051572534178980556,0.05084071686702343
2022-07-26,8.993000030517578,9.751999855041504,8.75,8.814000129699707,38204,0.030480094740169994,0.043977641145389976
2022-07-27,8.687000274658203,9.137999534606934,8.487000465393066,8.880999565124512,105217,-0.03402643776503622,0.04624922070231885
2022-07-28,8.133999824523926,8.845000267028809,8.102999687194824,8.579999923706055,89237,-0.06365838985265093,0.05336864118997737
2022-07-29,8.229000091552734,8.387999534606934,8.010000228881836,8.154999732971191,77774,0.01167940362407971,0.05145934434829895
2022-08-01,8.282999992370605,8.29800033569336,7.752999782562256,7.909999847412109,104021,0.006562146095162147,0.048554179384416474
2022-08-02,7.705999851226807,8.232999801635742,7.625,8.227999687194824,106080,-0.06966076803999377,0.05374988597448551
2022-08-03,8.265999794006348,8.479999542236328,7.550000190734863,7.671000003814697,134210,0.07267064022722347,0.04848797264358515
2022-08-04,8.121999740600586,8.449999809265137,7.824999809265137,8.281000137329102,102540,-0.017420766633719942,0.04880517217079636
2022-08-05,8.064000129699707,8.248000144958496,7.8979997634887695,8.151000022888184,111704,-0.007141050572920915,0.046464636295452444
2022-08-08,7.589000225067139,7.916999816894531,7.532000064849853,7.875999927520752,117789,-0.05890375706755557,0.04546249437182923
2022-08-09,7.833000183105469,7.888999938964844,7.623000144958496,7.665999889373779,88511,0.032151792173147786,0.04564261836579554
2022-08-10,8.20199966430664,8.267000198364258,7.704999923706055,7.857999801635742,111811,0.0471083202572935,0.04856301222851124
2022-08-11,8.87399959564209,8.994000434875488,8.178000450134277,8.222000122070312,141751,0.08193123126544988,0.05068777508671236
2022-08-12,8.767999649047852,8.918999671936035,8.515999794006348,8.717000007629395,68126,-0.011945002414277095,0.05114399467088671
2022-08-15,8.727999687194824,8.935999870300293,8.402999877929688,8.678999900817871,80221,-0.004562039627518777,0.051288288772722714
2022-08-16,9.32900047302246,9.41100025177002,8.78499984741211,8.809000015258789,104087,0.06885893759934314,0.04698128651604241
2022-08-17,9.244000434875488,9.677000045776367,9.121000289916992,9.362000465393066,88675,-0.009111376764614154,0.04386161320664166
2022-08-18,9.187999725341797,9.663000106811523,8.913000106811523,9.166000366210938,112102,-0.006058060028038659,0.043153440702818784
2022-08-19,9.336000442504885,9.395000457763672,8.869999885559082,9.201000213623049,69809,0.016108045449204855,0.04255596521357566
2022-08-22,9.68000030517578,9.982000350952148,9.157999992370604,9.173999786376951,92412,0.03684659879671104,0.0338147999257411
2022-08-23,9.192999839782717,10.027999877929688,9.050000190734863,9.81700038909912,118634,-0.050309963847074424,0.04116811584300778
2022-08-24,9.329999923706056,9.454999923706056,9.100000381469728,9.25,50496,0.014902652704340547,0.03977742446927838
2022-08-25,9.375,9.418999671936035,9.175000190734863,9.23900032043457,25827,0.0048231593421137475,0.03173448144046157
2022-08-26,9.29599952697754,9.66800022125244,9.185999870300291,9.371999740600586,33977,-0.008426717122395622,0.031532839322827126
2022-08-29,9.352999687194824,9.682000160217283,9.034000396728516,9.670000076293944,89284,0.0061316870823697744,0.031303773450869016
2022-08-30,9.041999816894531,9.300000190734863,8.864999771118164,9.26200008392334,76599,-0.033251350443866956,0.025049321004742893
2022-08-31,9.126999855041504,9.284000396728516,8.814000129699707,9.08199977874756,86294,0.009400579503237028,0.0252173799940666
2022-09-01,9.26200008392334,9.394000053405762,9.010000228881836,9.133000373840332,94244,0.01479130393622885,0.02561003094054294
2022-09-02,8.78600025177002,9.239999771118164,8.619000434875488,9.1899995803833,103166,-0.05139276914708135,0.029772643093403987
2022-09-06,8.145000457763672,9.12600040435791,7.822999954223633,9.027999877929688,149360,-0.07295695147256709,0.03248351498875299
2022-09-07,7.842000007629394,8.298999786376953,7.750999927520752,8.038999557495117,127189,-0.037200789822603775,0.031212907952575773
2022-09-08,7.914999961853027,8.064000129699707,7.771999835968018,7.841000080108643,105989,0.009308843936828959,0.030656295399466633
2022-09-09,7.995999813079834,8.204999923706055,7.888000011444092,7.974999904632568,90496,0.010233714670523364,0.0311066707607889
2022-09-12,8.24899959564209,8.406000137329102,7.855000019073486,8.026000022888184,106172,0.031640793956548174,0.034491842437545335
2022-09-13,8.284000396728516,8.456000328063965,8.154999732971191,8.380999565124512,108829,0.0042430358591503126,0.03439063001351363
2022-09-14,9.11400032043457,9.23799991607666,8.324999809265137,8.390999794006348,137213,0.1001931294008429,0.04815580001066958
2022-09-15,8.324000358581543,9.116999626159668,8.204000473022461,9.072999954223633,127214,-0.08667982599054358,0.05550136068175033
2022-09-16,7.763999938964844,8.319000244140625,7.717000007629394,8.29800033569336,96572,-0.06727539590256892,0.0578119874985124
2022-09-19,7.751999855041504,7.922999858856201,7.403999805450439,7.736999988555908,87547,-0.0015456058755378699,0.05655548518733435
2022-09-20,7.717000007629394,7.985000133514404,7.646999835968018,7.863999843597412,80107,-0.0045149442810358265,0.05219855465121767
2022-09-21,7.778999805450439,8.123000144958496,7.559999942779541,7.735000133514404,98568,0.00803418397819744,0.05096246905749311
2022-09-22,7.089000225067139,7.776000022888184,7.060999870300293,7.730999946594238,136340,-0.08870029536443036,0.057990782819664445
2022-09-23,6.828000068664551,7.282000064849853,6.736999988555908,7.182000160217285,73669,-0.036817625633537854,0.05812605595518951
2022-09-26,6.902999877929688,6.96999979019165,6.526000022888184,6.843999862670898,24604,0.01098415473212011,0.056666984948737446
2022-09-27,6.651000022888184,7.119999885559082,6.617000102996826,6.935999870300293,36366,-0.03650584666055123,0.056497828695883816
2022-09-28,6.868000030517578,6.901000022888184,6.455999851226807,6.665999889373779,98396,0.032626673715626,0.04289066346098929
2022-09-29,6.874000072479248,7.138999938964844,6.598999977111816,7.02899980545044,85719,0.0008736228792967093,0.03802351046862242
2022-09-30,6.765999794006348,7.044000148773193,6.704999923706055,6.894999980926514,97372,-0.015711416545555523,0.03391603058060189
2022-10-03,6.46999979019165,6.828999996185303,6.304999828338623,6.800000190734863,104483,-0.04374815442307711,0.034925373061553
2022-10-04,6.836999893188477,6.886000156402588,6.309999942779541,6.526000022888184,121681,0.056723356243873146,0.0420646280369219
2022-10-05,6.929999828338623,7.021999835968018,6.626999855041504,6.829999923706055,80869,0.013602447945450402,0.04238352955548724
2022-10-06,6.9720001220703125,7.188000202178955,6.855999946594238,6.921000003814697,109938,0.006060648596258211,0.03242081982310615
2022-10-07,6.748000144958496,6.926000118255615,6.599999904632568,6.855999946594238,124707,-0.03212851021082608,0.03187765210201361
2022-10-10,6.434999942779541,6.901000022888184,6.410999774932861,6.646999835968018,114235,-0.04638414277640479,0.03458405654991979
2022-10-11,6.5960001945495605,6.671000003814697,6.361999988555908,6.51200008392334,106885,0.025019464366999866,0.034114306708607725
2022-10-12,6.434999942779541,6.802999973297119,6.39900016784668,6.60099983215332,112382,-0.02440877001535846,0.03273646129164584
2022-10-13,6.741000175476074,6.776999950408936,6.336999893188477,6.439000129699707,131392,0.047552484136364814,0.03689137280784961
2022-10-14,6.453000068664551,6.742000102996826,6.408999919891357,6.684000015258789,96729,-0.0427236462415882,0.03898965808817203
2022-10-17,5.999000072479248,6.314000129699707,5.912000179290772,6.263000011444092,132424,-0.0703548723623767,0.042728716161713816
2022-10-18,5.744999885559082,6.09499979019165,5.672999858856201,5.978000164031982,102085,-0.042340420712012716,0.037560647131034144
2022-10-19,5.461999893188477,5.783999919891357,5.427000045776367,5.685999870300293,107157,-0.04926022593698709,0.03720099570147051
2022-10-20,5.357999801635742,5.565000057220459,5.252999782562256,5.455999851226807,104216,-0.019040661586689156,0.035852406043535096
2022-10-21,4.959000110626221,5.375,4.902999877929688,5.322000026702881,101734,-0.07446803019434811,0.0390883665233346
2022-10-24,5.198999881744385,5.258999824523926,4.75,4.96999979019165,69672,0.0483968069699956,0.0455366822549551
2022-10-25,5.61299991607666,5.739999771118164,5.11899995803833,5.186999797821045,39947,0.07963070662609217,0.05403843451934534
2022-10-26,5.605999946594238,5.748000144958496,5.3470001220703125,5.729000091552734,36778,-0.0012470995166724563,0.054072505540082375
2022-10-27,5.185999870300293,5.703000068664551,4.947999954223633,5.703000068664551,118808,-0.07491974318499661,0.052844161549733114
2022-10-28,5.684000015258789,5.889999866485596,5.546999931335449,5.8480000495910645,84706,0.09602779741867984,0.06449722719630163
2022-10-31,6.355000019073486,6.400000095367432,5.822999954223633,5.831999778747559,128751,0.11805066889749938,0.07221041138077733
2022-11-01,5.714000225067139,6.309000015258789,5.613999843597412,6.269999980926514,136649,-0.10086542755035288,0.07882033727803388
2022-11-02,6.26800012588501,6.302999973297119,5.787000179290772,5.828999996185303,104854,0.0969548265657203,0.0817158594900765
2022-11-03,5.974999904632568,6.2179999351501465,5.874000072479248,6.202000141143799,98527,-0.04674540768473123,0.08351774673731206
2022-11-04,6.400000095367432,6.510000228881836,5.89300012588501,5.934999942779541,117251,0.07112974017043072,0.07893072535969375
2022-11-07,6.943999767303467,7.22100019454956,6.565999984741211,6.980000019073486,171262,0.08499994747340756,0.08077580338559777
2022-11-08,6.138000011444092,6.822999954223633,6.061999797821045,6.686999797821045,146540,-0.11607139730253269,0.09108429839091371
2022-11-09,5.864999771118164,6.349999904632568,5.715000152587891,6.190000057220459,134654,-0.04447706741885438,0.09283059312807178
2022-11-10,6.238999843597412,6.26200008392334,5.763999938964844,5.949999809265137,101637,0.06376813078851074,0.08929063695407694
2022-11-11,5.879000186920166,6.505000114440918,5.775000095367432,6.164999961853027,110492,-0.057701501154337254,0.08841161758989911
2022-11-14,5.933000087738037,6.415999889373779,5.889999866485596,6.11899995803833,110910,0.009185218421664976,0.07945371479644846
2022-11-15,6.033999919891357,6.203000068664551,5.841000080108643,6.065000057220459,76925,0.01702339974038769,0.07186496221165227
2022-11-16,6.199999809265137,6.25,5.727000236511231,6.138000011444092,112921,0.027510754321781405,0.06535352841834902
2022-11-17,6.36899995803833,6.546999931335449,6.162000179290772,6.204999923706055,106768,0.027258089350364667,0.06352808888953122
2022-11-18,6.302999973297119,6.474999904632568,6.045000076293945,6.382999897003174,102563,-0.010362691973001548,0.059677721569387034
2022-11-21,6.776000022888184,6.836999893188477,6.144999980926514,6.333000183105469,107821,0.07504363820322801,0.05816812193546343
2022-11-22,6.77899980545044,6.97599983215332,6.456999778747559,6.703000068664551,73116,0.00044270698821202714,0.04193574117703449
2022-11-23,7.308000087738037,7.604000091552734,6.88700008392334,6.900000095367432,59054,0.07803515230407165,0.04189818847885511
2022-11-25,7.02400016784668,7.400000095367432,6.800000190734863,7.331999778747559,35506,-0.03886151019180695,0.04335231643663614
2022-11-28,6.711999893188477,6.980000019073486,6.5,6.869999885559082,105914,-0.04441917243772675,0.04109862622524136
2022-11-29,7.235000133514404,7.421000003814697,7.0920000076293945,7.318999767303467,101680,0.07792018007280999,0.04568037481033169
2022-11-30,6.929999828338623,7.304999828338623,6.806000232696533,7.263999938964844,107306,-0.04215622661331275,0.04988664519099993
2022-12-01,6.73799991607666,7.2129998207092285,6.708000183105469,6.966000080108643,94563,-0.027705615731305477,0.05138633638888929
2022-12-02,6.281000137329102,6.839000225067139,6.2210001945495605,6.828999996185303,115609,-0.06782424821009148,0.05630109954792295
2022-12-05,5.577000141143799,6.052000045776367,5.556000232696533,5.900000095367432,167674,-0.11208405998931692,0.06662609984115268
2022-12-06,5.468999862670898,5.673999786376953,5.336999893188477,5.642000198364258,131231,-0.01936529957676325,0.05952117696916591
2022-12-07,5.7230000495910645,5.849999904632568,5.382999897003174,5.388000011444092,172964,0.04644362649446476,0.06292283022366663
2022-12-08,5.961999893188477,6.164000034332275,5.769999980926514,5.814000129699707,154504,0.04176128630550857,0.057800560551853515
2022-12-09,6.244999885559082,6.390999794006348,5.794000148773193,5.929999828338623,160027,0.0474672924254711,0.060811421024208084
2022-12-12,6.586999893188477,7.058000087738037,6.486999988555908,6.949999809265137,171431,0.054763813274077755,0.06263426189805486
2022-12-13,6.934999942779541,7.105000019073486,6.499000072479248,6.533999919891357,168109,0.0528313428319509,0.05959138464577979
2022-12-14,6.429999828338623,6.960999965667725,6.336999893188477,6.951000213623047,139039,-0.07281905098884756,0.06256819057644308
2022-12-15,6.96999979019165,7.035999774932861,6.357999801635742,6.370999813079834,139782,0.08398133378994999,0.06793266691679134
2022-12-16,6.599999904632568,6.888000011444092,6.218999862670898,6.888000011444092,116642,-0.05308463367240768,0.06630498006265623
2022-12-19,5.85099983215332,6.275000095367432,5.764999866485596,6.15399980545044,121279,-0.1134848611063648,0.06658538076403038
2022-12-20,5.326000213623047,5.906000137329102,5.25600004196167,5.831999778747559,123996,-0.08972818895758883,0.07306576560935509
2022-12-21,5.331999778747559,5.609000205993652,5.264999866485596,5.388999938964844,89444,0.0011264673082749255,0.07123468106826851
2022-12-22,4.999000072479248,5.652999877929688,4.974999904632568,5.465000152587891,66757,-0.06245306078135837,0.07130237638120587
2022-12-23,5.078999996185303,5.244999885559082,4.824999809265137,5.0929999351501465,42105,0.016003185146260535,0.068885967501612
2022-12-27,5.2820000648498535,5.367000102996826,5.080999851226807,5.2829999923706055,41154,0.03996851128509915,0.0672829024240041
2022-12-28,4.709000110626221,5.183000087738037,4.5879998207092285,5.183000087738037,115022,-0.10848162574566744,0.06728119682774758
2022-12-29,4.559000015258789,4.789999961853027,4.421999931335449,4.767000198364258,78441,-0.03185391629720813,0.06601863813504386
2022-12-30,4.474999904632568,4.614999771118164,4.377999782562256,4.558000087738037,62281,-0.01842511742598718,0.05265281282700733
2023-01-03,3.98799991607666,4.394000053405762,3.8940000534057617,4.39300012588501,116837,-0.10882681540434458,0.05674357171206972
2023-01-04,4.171999931335449,4.218999862670898,3.900000095367432,4.007999897003174,99759,0.046138420042848294,0.058577181231898416
2023-01-05,3.7200000286102295,4.175000190734863,3.651000022888184,4.15500020980835,116682,-0.10834130157344835,0.060878102895875044
2023-01-06,3.7100000381469727,3.83899998664856,3.5199999809265137,3.763999938964844,105050,-0.002688169458695655,0.06064844177687649
2023-01-09,3.910000085830689,4.127999782562256,3.7809998989105225,3.809999942779541,130276,0.05390836809360522,0.0655270953096905
2023-01-10,3.638999938964844,3.91100001335144,3.5460000038146973,3.91100001335144,112231,-0.0693094989557449,0.06554556247255547
2023-01-11,3.671000003814697,3.776999950408936,3.421999931335449,3.575000047683716,133203,0.008793642590429807,0.06247562008469169
2023-01-12,3.694999933242798,3.946000099182129,3.607000112533569,3.694000005722046,123743,0.006537708908515905,0.057620069102963065
2023-01-13,3.4189999103546143,3.759999990463257,3.384000062942505,3.677000045776367,112096,-0.07469554204997264,0.05994625985426746
2023-01-17,3.5859999656677246,3.7890000343322754,3.5209999084472656,3.556999921798706,143310,0.0488447088890942,0.06457274913933517
2023-01-18,3.311000108718872,3.6440000534057617,3.2739999294281006,3.628000020980835,119853,-0.0766870774070536,0.06031800991260394
2023-01-19,3.275000095367432,3.3959999084472656,3.186000108718872,3.2929999828338623,99670,-0.010872851757582569,0.05627209118741809
2023-01-20,3.174000024795532,3.388999938964844,3.0910000801086426,3.203000068664551,106735,-0.03083971530711327,0.047832475566489334
2023-01-23,3.447000026702881,3.563999891281128,3.243000030517578,3.450000047683716,130377,0.0860113420840114,0.05754552880639373
2023-01-24,3.257999897003174,3.595000028610229,3.2239999771118164,3.450000047683716,62585,-0.05483032440834912,0.055229969658419586
2023-01-25,3.066999912261963,3.250999927520752,2.992000102996826,3.242000102996826,40750,-0.058624920435663475,0.05419283595602184
2023-01-26,2.944000005722046,3.003000020980835,2.760999917984009,3.003000020980835,47669,-0.04010430715963165,0.05394908223753868
2023-01-27,3.108999967575073,3.1760001182556152,2.8320000171661377,2.875999927520752,128689,0.05604618258570926,0.0587653401893741
2023-01-30,2.677000045776367,2.7730000019073486,2.611999988555908,2.720000028610229,167291,-0.1389514076243792,0.06863257447883846
2023-01-31,2.684000015258789,2.753000020980835,2.614000082015991,2.684999942779541,145544,0.002614855944237382,0.0647791063262162
2023-02-01,2.4679999351501465,2.7799999713897705,2.463000059127808,2.7300000190734863,210664,-0.0804769295382497,0.06511475758384289
2023-02-02,2.4560000896453857,2.5969998836517334,2.430999994277954,2.503999948501587,160777,-0.00486217415724155,0.06530765162385897
2023-02-03,2.4100000858306885,2.515000104904175,2.3410000801086426,2.4570000171661377,145394,-0.018729642563384052,0.0653284898790301
2023-02-06,2.4570000171661377,2.5,2.365000009536743,2.421999931335449,138819,0.019502045502728382,0.05537698947103857
2023-02-07,2.5840001106262207,2.615000009536743,2.4230000972747803,2.499000072479248,228475,0.051689089366211194,0.06047384005481026
2023-02-08,2.3959999084472656,2.657000064849853,2.367000102996826,2.5989999771118164,204605,-0.07275549308447748,0.0616003565734107
2023-02-09,2.430000066757202,2.5290000438690186,2.3499999046325684,2.4110000133514404,227981,0.014190383810144036,0.06227544305026771
2023-02-10,2.513999938964844,2.58899998664856,2.4100000858306885,2.46399998664856,230687,0.03456784769546872,0.059790373366872686
2023-02-13,2.4049999713897705,2.609999895095825,2.375999927520752,2.5799999237060547,251399,-0.0433571878366692,0.04412923492482504
2023-02-14,2.566999912261963,2.622999906539917,2.414999961853028,2.427000045776367,169804,0.06735964357562052,0.05044451382296499
2023-02-15,2.470999956130981,2.6070001125335693,2.446000099182129,2.6029999256134038,147505,-0.037397724741793814,0.044623780570561586
2023-02-16,2.388999938964844,2.559000015258789,2.3580000400543213,2.46399998664856,141459,-0.0331849529024395,0.04591869073686801
2023-02-17,2.275000095367432,2.4200000762939453,2.220000028610229,2.3910000324249268,133999,-0.047718646508969065,0.047974456168607044
2023-02-21,2.072999954223633,2.2950000762939453,2.056999921798706,2.2249999046325684,108507,-0.08879126711033147,0.05377372343661222
2023-02-22,2.174000024795532,2.302000045776367,1.9670000076293943,2.065999984741211,57853,0.04872169455002462,0.05336817130992428
2023-02-23,2.313999891281128,2.377000093460083,2.095000028610229,2.1610000133514404,57085,0.06439736195438339,0.054721603410113326
2023-02-24,2.450999975204468,2.57699990272522,2.306999921798706,2.345000028610229,168130,0.059204879152993994,0.057967694342853475
2023-02-27,2.7309999465942383,2.740000009536743,2.553999900817871,2.650000095367432,238896,0.11423907557013013,0.06756387991537222
2023-02-28,2.746999979019165,2.7880001068115234,2.568000078201294,2.7230000495910645,160843,0.005858671819045647,0.0649595239201814
2023-03-01,2.811000108718872,2.83899998664856,2.6640000343322754,2.7690000534057617,157116,0.023298190822177878,0.06248069762584007
2023-03-02,2.765000104904175,2.86299991607666,2.7100000381469727,2.811000108718872,134243,-0.016364283897399745,0.06101232706591925
2023-03-03,3.009000062942505,3.0269999504089355,2.7720000743865967,2.7890000343322754,185066,0.08824591275984273,0.06286239665062351
2023-03-06,2.572000026702881,2.8299999237060547,2.532000064849853,2.8299999237060547,246373,-0.14523098275122037,0.08050268267528188
2023-03-07,2.687000036239624,2.697999954223633,2.50600004196167,2.6029999256134038,149484,0.044712289402331296,0.07192468415464556
2023-03-08,2.5510001182556152,2.694000005722046,2.5190000534057617,2.6619999408721924,132610,-0.0506140365276424,0.07561832251041066
2023-03-09,2.5429999828338623,2.6440000534057617,2.4649999141693115,2.5899999141693115,138147,-0.0031360780285747403,0.0740913518042671
2023-03-10,2.430000066757202,2.562000036239624,2.424999952316284,2.49399995803833,127165,-0.0444356731574711,0.07400655542206318
2023-03-13,2.6059999465942383,2.632999897003174,2.3910000324249268,2.4260001182556152,146573,0.072427932099568,0.06786566955195251
2023-03-14,2.572999954223633,2.674000024795532,2.5299999713897705,2.624000072479248,93916,-0.012663082519910551,0.0678642234322867
2023-03-15,2.438999891281128,2.595000028610229,2.384000062942505,2.57699990272522,132196,-0.05207931027069823,0.06863069158090544
2023-03-16,2.513999938964844,2.553999900817871,2.428999900817871,2.4830000400543213,114147,0.030750328424295814,0.06989673521635609
2023-03-17,2.338000059127808,2.5339999198913574,2.32699990272522,2.5269999504089355,118455,-0.07000790935162282,0.06350830903471967
2023-03-20,2.2230000495910645,2.427000045776367,2.2109999656677246,2.3469998836517334,110519,-0.04918734244157563,0.04845156249338865
2023-03-21,2.3480000495910645,2.3580000400543213,2.127000093460083,2.246000051498413,138551,0.056230318133818624,0.05009612777991706
2023-03-22,2.1710000038146973,2.325999975204468,2.1519999504089355,2.322000026702881,121562,-0.07538332284413451,0.05274487780586057
2023-03-23,2.1540000438690186,2.260999917984009,2.135999917984009,2.2149999141693115,87692,-0.007830474396963494,0.05265084891027045
2023-03-24,2.2160000801086426,2.23799991607666,2.1410000324249268,2.1530001163482666,55636,0.02878367454824171,0.053224214659773124
2023-03-27,2.088000059127808,2.1429998874664307,2.059000015258789,2.130000114440918,39811,-0.057761740231777936,0.04694571009248059
2023-03-28,2.0299999713897705,2.121999979019165,1.9980000257492063,2.08899998664856,62598,-0.02777781901130072,0.04689380357649195
2023-03-29,1.991000056266785,2.0829999446868896,1.944000005722046,2.0239999294281006,155175,-0.019211781119526594,0.04572170396162535
2023-03-30,2.1040000915527344,2.190000057220459,2.0799999237060547,2.183000087738037,153725,0.05675541541562268,0.04946119716548235
2023-03-31,2.2160000801086426,2.240999937057495,2.0739998817443848,2.1070001125335693,164651,0.053231931407975,0.050008851638324484
2023-04-03,2.0969998836517334,2.1600000858306885,2.015000104904175,2.0850000381469727,173583,-0.05370044772339311,0.05047796801020589
2023-04-04,2.1059999465942383,2.1659998893737797,2.075999975204468,2.114000082015991,149115,0.004291875747189922,0.045988289549956596
2023-04-05,2.1549999713897705,2.197000026702881,2.065000057220459,2.095999956130981,147112,0.023266868963968124,0.04064105149075227
2023-04-06,2.010999917984009,2.180999994277954,1.9919999837875368,2.1410000324249268,0,-0.06682137137704713,0.045851939015387394
2023-04-10,2.171999931335449,2.2230000495910645,2.010999917984009,2.0190000534057617,256800,0.08005968170940547,0.05254015289843887
2023-04-11,2.186000108718872,2.246999979019165,2.125999927520752,2.181999921798706,220673,0.006445754063544085,0.048574728922649274
2023-04-12,2.0929999351501465,2.2290000915527344,2.069000005722046,2.220999956130981,247319,-0.04254353565573665,0.04990997697012337
2023-04-13,2.006999969482422,2.130000114440918,1.995000004768372,2.0840001106262207,224382,-0.04108933030690953,0.05150319762082805
2023-04-14,2.114000082015991,2.131999969482422,1.9459999799728396,2.015000104904175,226788,0.053313459970387056,0.05110650559231666
2023-04-17,2.275000095367432,2.313999891281128,2.1459999084472656,2.150000095367432,191441,0.07615894375836785,0.05410422385398396
2023-04-18,2.365999937057495,2.384999990463257,2.2290000915527344,2.289999961853028,120611,0.03999992873642744,0.05103992310243892
2023-04-19,2.2219998836517334,2.382999897003174,2.177000045776367,2.372999906539917,147565,-0.06086223889965492,0.056214985528909925
2023-04-20,2.249000072479248,2.2709999084472656,2.140000104904175,2.178999900817871,115594,0.012151300738657778,0.05596237301002436
2023-04-21,2.2330000400543213,2.2739999294281006,2.1640000343322754,2.191999912261963,82961,-0.007114287198438651,0.050262296123373865
2023-04-24,2.2730000019073486,2.2860000133514404,2.180999994277954,2.220000028610229,56324,0.017913103956798127,0.04435970704479156
2023-04-25,2.306999921798706,2.312000036239624,2.1700000762939453,2.26200008392334,66131,0.014958169759272666,0.04446276366223082
2023-04-26,2.117000102996826,2.2739999294281006,2.1010000705718994,2.239000082015991,149625,-0.08235796499452941,0.0506705584508633
2023-04-27,2.3550000190734863,2.375999927520752,2.2679998874664307,2.313999891281128,105218,0.112423195322356,0.05868299162161561
2023-04-28,2.4100000858306885,2.5290000438690186,2.2850000858306885,2.3580000400543213,176420,0.023354592913693795,0.0574114285581096
2023-05-01,2.318000078201294,2.4100000858306885,2.289999961853028,2.3980000019073486,108993,-0.03817427566509135,0.05514359746394936
2023-05-02,2.21399998664856,2.345000028610229,2.186000108718872,2.313999891281128,127225,-0.04486630200350783,0.05538572029428818
2023-05-03,2.1700000762939453,2.240999937057495,2.1029999256134038,2.2239999771118164,130327,-0.019873491698263024,0.0522408228927491
2023-05-04,2.1010000705718994,2.188999891281128,2.0810000896453857,2.157000064849853,113278,-0.03179723654198585,0.05284185814369071
2023-05-05,2.13700008392334,2.1670000553131104,2.0309998989105225,2.0859999656677246,120689,0.017134703542223573,0.053316531179602354
2023-05-08,2.23799991607666,2.255000114440918,2.140000104904175,2.1480000019073486,125345,0.04726243714875933,0.05537170813259081
2023-05-09,2.2669999599456787,2.296999931335449,2.184000015258789,2.249000072479248,134534,0.012958018300490926,0.05531447807390169
2023-05-10,2.190999984741211,2.265000104904175,2.1600000858306885,2.26200008392334,126485,-0.03352447134859626,0.049078455354363164
2023-05-11,2.190000057220459,2.255000114440918,2.164999961853028,2.181999921798706,119033,-0.00045637951972421487,0.031231930429936498
2023-05-12,2.2660000324249268,2.3350000381469727,2.1470000743865967,2.190999984741211,159351,0.034703184118144215,0.032624457654686655
2023-05-15,2.375,2.384000062942505,2.25,2.265000104904175,142753,0.048102368056203604,0.03442968482302514
2023-05-16,2.375999927520752,2.470000028610229,2.3410000801086426,2.372999906539917,135427,0.00042102211400085743,0.030151907833894247
2023-05-17,2.365000009536743,2.434999942779541,2.322000026702881,2.361999988555908,139262,-0.0046295952523394135,0.028977064213834693
2023-05-18,2.5920000076293945,2.634000062942505,2.351999998092652,2.380000114440918,186293,0.09598308548722434,0.036242157445773325
2023-05-19,2.5850000381469727,2.684999942779541,2.556999921798706,2.615000009536743,162128,-0.002700605502244602,0.037059165174435395
2023-05-22,2.400000095367432,2.569000005722046,2.367000102996826,2.568000078201294,114478,-0.07156670794951159,0.04539324282918431
2023-05-23,2.321000099182129,2.407000064849853,2.318000078201294,2.400000095367432,58742,-0.03291666376921898,0.047113982686673474
2023-05-24,2.3980000019073486,2.414999961853028,2.316999912261963,2.3469998836517334,33040,0.03317531212185343,0.046023681727911735
2023-05-25,2.306999921798706,2.440999984741211,2.257999897003174,2.4130001068115234,48663,-0.03794832361812428,0.04843508514839936
2023-05-26,2.180999994277954,2.2980000972747803,2.1429998874664307,2.2920000553131104,140560,-0.05461635534972764,0.05078620480764808
2023-05-30,2.32699990272522,2.447999954223633,2.256999969482422,2.4170000553131104,183534,0.06694172802856935,0.053172258051943366
2023-05-31,2.2660000324249268,2.4100000858306885,2.246999979019165,2.319999933242798,151831,-0.02621395481317146,0.0537688452231924
2023-06-01,2.157999992370605,2.282999992370605,2.135999917984009,2.255000114440918,210624,-0.04766109378151551,0.055565701839392884
2023-06-02,2.171999931335449,2.2330000400543213,2.138000011444092,2.1630001068115234,155169,0.006487460154930291,0.042724841191642396
2023-06-05,2.244999885559082,2.316999912261963,2.184000015258789,2.21399998664856,149918,0.033609556414096575,0.04549978460466984
2023-06-06,2.26200008392334,2.2909998893737797,2.1730000972747803,2.2720000743865967,147732,0.007572471817754334,0.04083865617037641
2023-06-07,2.3289999961853027,2.345999956130981,2.25,2.263999938964844,182391,0.029619765595125136,0.040903551621217296
2023-06-08,2.351999998092652,2.380000114440918,2.2769999504089355,2.3340001106262207,217008,0.009875483875062763,0.03951321057334869
2023-06-09,2.253999948501587,2.338000059127808,2.25,2.319999933242798,169479,-0.04166668778509264,0.03991258136229242
2023-06-12,2.2660000324249268,2.3239998817443848,2.2060000896453857,2.303999900817871,174479,0.005323906032614234,0.03530135234905999
2023-06-13,2.3399999141693115,2.369999885559082,2.275000095367432,2.2839999198913574,179755,0.032656611070386754,0.02978502060177588
2023-06-14,2.3420000076293945,2.390000104904175,2.2939999103546143,2.3320000171661377,141175,0.0008547408262589151,0.028230448204616922
2023-06-15,2.532999992370605,2.568000078201294,2.315000057220459,2.345999956130981,260280,0.08155422037532079,0.03150794040232818
2023-06-16,2.631999969482422,2.6530001163482666,2.5220000743865967,2.552000045776367,194535,0.03908408109356687,0.03202863733422886
2023-06-20,2.492000102996826,2.696000099182129,2.483999967575073,2.628999948501587,198217,-0.05319143925109027,0.03890802899809997
2023-06-21,2.5969998836517334,2.601999998092652,2.447999954223633,2.486999988555908,125413,0.042134741699503486,0.04007083575623661
2023-06-22,2.6080000400543213,2.631999969482422,2.5290000438690186,2.5899999141693115,109156,0.004235716940857115,0.03981859264853907
2023-06-23,2.7290000915527344,2.740000009536743,2.5199999809265137,2.611999988555908,84433,0.046395724555239104,0.04124260319136828
2023-06-26,2.7909998893737797,2.815999984741211,2.720000028610229,2.757999897003174,31600,0.02271886982083937,0.03597442674891874
2023-06-27,2.763000011444092,2.809000015258789,2.7239999771118164,2.7769999504089355,71154,-0.010032203167148923,0.037084364361384785
2023-06-28,2.6029999256134038,2.83899998664856,2.5929999351501465,2.7880001068115234,137907,-0.057908101761846686,0.04419987399361774
2023-06-29,2.700999975204468,2.746000051498413,2.615999937057495,2.6619999408721924,118610,0.03764888681968381,0.04473563508377772
2023-06-30,2.7980000972747803,2.828000068664551,2.634000062942505,2.677000045776367,147265,0.03591267047789182,0.03920764823693734
2023-07-03,2.7090001106262207,2.746000051498413,2.6700000762939453,2.7290000915527344,79618,-0.03180842871851386,0.03990805801888877
2023-07-05,2.657000064849853,2.7929999828338623,2.6480000019073486,2.6989998817443848,124912,-0.01919529112324292,0.03576456669441423
2023-07-06,2.608999967575073,2.687000036239624,2.5859999656677246,2.6519999504089355,109301,-0.018065523561623498,0.03422896177266747
2023-07-07,2.5820000171661377,2.674999952316284,2.5360000133514404,2.634999990463257,103593,-0.010348773761783558,0.03438566490623419
2023-07-10,2.6689999103546143,2.691999912261963,2.569999933242798,2.569999933242798,124495,0.0336947686328688,0.032653253537827505
2023-07-11,2.7309999465942383,2.747999906539917,2.630000114440918,2.6670000553131104,130580,0.02322968839342776,0.03269613621000026
2023-07-12,2.631999969482422,2.75,2.618000030517578,2.739000082015991,149633,-0.036250450035810844,0.034444115481970995
2023-07-13,2.5450000762939453,2.6659998893737797,2.5390000343322754,2.6589999198913574,148019,-0.033054671047577866,0.030856760778053494
2023-07-14,2.5390000343322754,2.6059999465942383,2.492000102996826,2.558000087738037,134591,-0.0023575802678981184,0.02759107012722384
2023-07-17,2.51200008392334,2.5799999237060547,2.483999967575073,2.5480000972747803,110913,-0.010634088240978001,0.02337115539024498
2023-07-18,2.628999948501587,2.6470000743865967,2.5290000438690186,2.5369999408721924,134874,0.046576377655016765,0.028090839598371716
2023-07-19,2.6029999256134038,2.657000064849853,2.5840001106262207,2.619999885559082,102069,-0.009889700797826917,0.027631883430535353
2023-07-20,2.756999969482422,2.7890000343322754,2.617000102996826,2.628999948501587,165848,0.059162523346107054,0.03285191003486706
2023-07-21,2.713000059127808,2.7860000133514404,2.687000036239624,2.74399995803833,94148,-0.015959343794578973,0.03320836273381908
2023-07-24,2.684999942779541,2.7669999599456787,2.6640000343322754,2.720999956130981,54167,-0.010320720876529799,0.031941830486435126
2023-07-25,2.7300000190734863,2.753999948501587,2.6559998989105225,2.703000068664551,35545,0.016759805308360853,0.031505204001668605
2023-07-26,2.664999961853028,2.739000082015991,2.625,2.720000028610229,37310,-0.023809544603050403,0.0301118099087271
2023-07-27,2.492000102996826,2.650000095367432,2.463000059127808,2.627000093460083,166760,-0.0649155201998245,0.0354108600612425
2023-07-28,2.638000011444092,2.684999942779541,2.563999891281128,2.601999998092652,136505,0.05858744077566014,0.04017796996227919
2023-07-31,2.634000062942505,2.693000078201294,2.6050000190734863,2.6589999198913574,97877,-0.0015162806991032562,0.039897436365928726
2023-08-01,2.559999942779541,2.674999952316284,2.5309998989105225,2.6440000534057617,135522,-0.028094198327503705,0.03830452203839525
2023-08-02,2.476999998092652,2.5810000896453857,2.4570000171661377,2.578000068664551,147612,-0.032421854118001026,0.0394653431824216
2023-08-03,2.565000057220459,2.5859999656677246,2.4739999771118164,2.483999967575073,139151,0.035526870890419504,0.03578124250568095
2023-08-04,2.57699990272522,2.61899995803833,2.5290000438690186,2.555999994277954,104012,0.004678302236673204,0.03577764912604204
2023-08-07,2.7249999046325684,2.753999948501587,2.571000099182129,2.5789999961853027,228905,0.057431124367073316,0.04064758724163268
2023-08-08,2.7769999504089355,2.8010001182556152,2.691999912261963,2.734999895095825,186795,0.019082586273843738,0.040746405890959014
2023-08-09,2.9590001106262207,3.0179998874664307,2.7709999084472656,2.796999931335449,312252,0.06553840960295454,0.04401240998023251
2023-08-10,2.763000011444092,2.997999906539917,2.746999979019165,2.9739999771118164,230514,-0.06623862516201429,0.04426853062831681
2023-08-11,2.7699999809265137,2.8329999446868896,2.700999975204468,2.7799999713897705,163958,0.0025334670479293386,0.041040755045252744
2023-08-14,2.7950000762939453,2.82699990272522,2.749000072479248,2.776000022888184,93502,0.009025305248944182,0.0409715009706089
2023-08-15,2.6589999198913574,2.86299991607666,2.6470000743865967,2.809999942779541,158887,-0.0486583730555451,0.043358777410628525
2023-08-16,2.5920000076293945,2.674000024795532,2.568000078201294,2.6640000343322754,142515,-0.02519741041011403,0.04272805806633295
2023-08-17,2.621000051498413,2.6700000762939453,2.575000047683716,2.6050000190734863,119544,0.011188288496781995,0.04149493529369008
2023-08-18,2.5510001182556152,2.635999917984009,2.5239999294281006,2.622999906539917,128027,-0.026707337606796,0.04252293204365668
2023-08-21,2.631999969482422,2.6600000858306885,2.555000066757202,2.559999942779541,102634,0.031752194226550845,0.039309936610317134
2023-08-22,2.559999942779541,2.635999917984009,2.539999961853028,2.618000030517578,111965,-0.027355633562959225,0.03918457595669915
2023-08-23,2.496999979019165,2.5899999141693115,2.4730000495910645,2.559999942779541,93844,-0.024609361393958973,0.02977733848927235
2023-08-24,2.5190000534057617,2.565000057220459,2.424999952316284,2.483999967575073,76080,0.008810602551642122,0.024883442014926805
2023-08-25,2.539999961853028,2.555000066757202,2.4679999351501465,2.5169999599456787,31329,0.008336605002795983,0.025245314719663643
2023-08-28,2.5789999961853027,2.694999933242798,2.5439999103546143,2.634999990463257,58220,0.015354344455904112,0.02580227129619562
2023-08-29,2.555999994277954,2.5989999771118164,2.515000104904175,2.5789999961853027,145380,-0.008918186095916547,0.021495390776700977
2023-08-30,2.7960000038146973,2.812999963760376,2.6470000743865967,2.680000066757202,146876,0.09389671755634765,0.03622667020990613
2023-08-31,2.7679998874664307,2.865000009536743,2.7079999446868896,2.802999973297119,176016,-0.010014347750380903,0.036648714553437
2023-09-01,2.765000104904175,2.859999895095825,2.734999895095825,2.765000104904175,127248,-0.0010837365188629544,0.034960471278773685
2023-09-05,2.5820000171661377,2.7079999446868896,2.565999984741211,2.700000047683716,178329,-0.06618447768354763,0.040961987730837715
2023-09-06,2.509999990463257,2.614000082015991,2.503000020980835,2.5840001106262207,116663,-0.027885370342446425,0.04099993000868576
2023-09-07,2.5789999961853027,2.614000082015991,2.5,2.5160000324249268,140334,0.02749004222478546,0.04100911928085717
2023-09-08,2.6050000190734863,2.6589999198913574,2.572000026702881,2.5789999961853027,101228,0.010081435799395688,0.04102771626368744
2023-09-11,2.6080000400543213,2.638999938964844,2.5409998893737797,2.609999895095825,110879,0.0011516395235582344,0.04100832989875679
2023-09-12,2.743000030517578,2.782000064849853,2.6040000915527344,2.619999885559082,202189,0.05176379922925345,0.04371568381276326
2023-09-13,2.680000066757202,2.7769999504089355,2.640000104904175,2.746999979019165,191712,-0.02296754030603798,0.04450382189625971
2023-09-14,2.7079999446868896,2.822999954223633,2.697000026702881,2.7149999141693115,154082,0.010447715385159428,0.03224949552928957
2023-09-15,2.6440000534057617,2.736000061035156,2.63700008392334,2.7039999961853027,127780,-0.02363363832657972,0.0328733117338834
2023-09-18,2.7279999256134038,2.744999885559082,2.5999999046325684,2.624000072479248,128308,0.031769996411097345,0.03479197188059635
2023-09-19,2.8480000495910645,2.871999979019165,2.7100000381469727,2.7290000915527344,164806,0.04398831644054324,0.028695044624104445
2023-09-20,2.7330000400543213,2.8239998817443848,2.693000078201294,2.819000005722046,140309,-0.040379216128614726,0.03073781251105121
2023-09-21,2.609999895095825,2.759000062942505,2.595000028610229,2.7320001125335693,99971,-0.04500554085467612,0.034234982302382734
2023-09-22,2.63700008392334,2.683000087738037,2.601999998092652,2.624000072479248,52641,0.01034490034970803,0.0342422312052245
2023-09-25,2.638999938964844,2.6710000038146973,2.6059999465942383,2.657000064849853,36175,0.0007583826233819035,0.03424321805814561
2023-09-26,2.6559998989105225,2.6670000553131104,2.552000045776367,2.638000011444092,57087,0.0064418189991874986,0.02956135746935523
2023-09-27,2.763999938964844,2.7809998989105225,2.640000104904175,2.6559998989105225,136011,0.04066266723075662,0.031526437357188866
2023-09-28,2.944999933242798,2.9809999465942383,2.868000030517578,2.8910000324249268,123674,0.06548480400681211,0.03716604032628015
2023-09-29,2.928999900817871,2.996999979019165,2.8550000190734863,2.9489998817443848,114663,-0.0054329483149796465,0.03580888435808224
2023-10-02,2.8399999141693115,2.9579999446868896,2.8350000381469727,2.9579999446868896,124338,-0.03038579367097549,0.03714618507047395
2023-10-03,2.9489998817443848,2.9660000801086426,2.819999933242798,2.8420000076293945,128578,0.038380271432844504,0.03652337042143136
2023-10-04,2.961999893188477,3.055000066757202,2.934999942779541,2.940000057220459,155568,0.004408278048625203,0.03304522494151741
2023-10-05,3.1659998893737797,3.2049999237060547,2.9649999141693115,2.98799991607666,220407,0.06887238472034674,0.03214219423529737
2023-10-06,3.338000059127808,3.364000082015991,3.1659998893737797,3.183000087738037,247997,0.05432728230071082,0.033654906602772656
2023-10-09,3.375999927520752,3.470999956130981,3.322000026702881,3.3499999046325684,208300,0.011384022684191697,0.03298838169255064
2023-10-10,3.381999969482422,3.4489998817443848,3.3359999656677246,3.371000051498413,170101,0.0017772636523947227,0.03331779368821193
2023-10-11,3.377000093460083,3.4539999961853027,3.2249999046325684,3.4049999713897705,211414,-0.0014783784942209444,0.03377125573720635
2023-10-12,3.344000101089477,3.427999973297119,3.299000024795532,3.384999990463257,160315,-0.009771984441017345,0.030958860308311624
2023-10-13,3.236000061035156,3.3480000495910645,3.203000068664551,3.345999956130981,139194,-0.03229666171933876,0.03379198589498063
2023-10-16,3.108999967575073,3.184999942779541,3.052999973297119,3.184999942779541,165019,-0.039246010835814804,0.03507553103432494
2023-10-17,3.0789999961853027,3.13700008392334,3.0239999294281006,3.124000072479248,133591,-0.009649395851608511,0.03397320908639073
2023-10-18,3.055999994277954,3.157999992370605,3.0369999408721924,3.061000108718872,122851,-0.007469958407224531,0.03419661446113856
2023-10-19,2.9570000171661377,3.0920000076293945,2.943000078201294,3.072000026702881,138650,-0.03239528052918317,0.026963809024704077
2023-10-20,2.8989999294281006,2.976999998092652,2.880000114440918,2.9590001106262207,144044,-0.019614503686618767,0.016571030032326746
2023-10-23,2.9260001182556152,2.950999975204468,2.861000061035156,2.9049999713897705,99128,0.00931362176088113,0.016229780976305577
2023-10-24,2.970999956130981,2.996999979019165,2.875999927520752,2.9179999828338623,65427,0.015379301454776728,0.0181617220209199
2023-10-25,3.009999990463257,3.0339999198913574,2.9539999961853027,2.9749999046325684,31461,0.013126905051545013,0.01968946638829831
2023-10-26,3.21399998664856,3.2790000438690186,2.976999998092652,3.0280001163482666,88611,0.06777408532612861,0.03185432231580511
2023-10-27,3.1640000343322754,3.401000022888184,3.135999917984009,3.250999927520752,140955,-0.01555692362289729,0.030588017345661377
2023-10-30,3.351999998092652,3.4049999713897705,3.321000099182129,3.400000095367432,119526,0.059418445550065035,0.03299720688582834
2023-10-31,3.575000047683716,3.630000114440918,3.318000078201294,3.3299999237060547,238330,0.06652746113304153,0.03701057038568377
2023-11-01,3.49399995803833,3.608000040054321,3.427999973297119,3.5999999046325684,151262,-0.022657367430768738,0.03835203405617268
2023-11-02,3.4719998836517334,3.5199999809265137,3.401000022888184,3.50600004196167,118508,-0.006296529665371975,0.035625133711087255
2023-11-03,3.515000104904175,3.575999975204468,3.45199990272522,3.509999990463257,110113,0.012384856766531671,0.03336195441753533
2023-11-06,3.263999938964844,3.407000064849853,3.249000072479248,3.372999906539917,185742,-0.0714082954333719,0.044218387449084455
2023-11-07,3.140000104904175,3.2950000762939453,3.0989999771118164,3.2730000019073486,186182,-0.037990145949572285,0.04688780370004409
2023-11-08,3.1059999465942383,3.187999963760376,3.058000087738037,3.1760001182556152,172750,-0.010828075533129367,0.04712477822001104
2023-11-09,3.0409998893737797,3.1619999408721924,3.0220000743865967,3.121999979019165,142578,-0.02092725638702342,0.041870705570565075
2023-11-10,3.032999992370605,3.07699990272522,2.989000082015991,3.0380001068115234,106720,-0.0026306798073649773,0.04169861097800573
2023-11-13,3.197000026702881,3.246000051498413,3.061000108718872,3.063999891281128,165652,0.054071887485925396,0.04082827691381189
2023-11-14,3.1059999465942383,3.263999938964844,3.0859999656677246,3.2330000400543213,146724,-0.028464209993295686,0.03287896598638338
2023-11-15,3.190000057220459,3.275000095367432,3.069999933242798,3.1059999465942383,153744,0.02704446621717671,0.035023293981896964
2023-11-16,3.062000036239624,3.265000104904175,3.0280001163482666,3.151000022888184,179663,-0.040125397706846755,0.03639330491710461
2023-11-17,2.9600000381469727,3.111999988555908,2.8929998874664307,3.055000066757202,159777,-0.03331156005403424,0.035872149869936
2023-11-20,2.881999969482422,2.9579999446868896,2.864000082015991,2.9570000171661377,113704,-0.026351374209231615,0.030653139732058812
2023-11-21,2.845999956130981,2.9210000038146973,2.8410000801086426,2.885999917984009,103671,-0.012491330233395548,0.029276047504379968
2023-11-22,2.8970000743865967,2.921999931335449,2.819000005722046,2.867000102996826,59224,0.017919929389228928,0.030506019031011994
2023-11-23,2.934000015258789,2.937999963760376,2.858999967575073,2.8970000743865967,59224,0.012771812192661658,0.030599634458880327
2023-11-24,2.8550000190734863,2.950999975204468,2.7980000972747803,2.8970000743865967,34118,-0.02692569726463845,0.03150432959197071
2023-11-27,2.7939999103546143,2.819999933242798,2.7090001106262207,2.7780001163482666,67039,-0.021366062455813184,0.02369608783526809
2023-11-28,2.7060000896453857,2.815000057220459,2.6689999103546143,2.789999961853028,187190,-0.031495999832748645,0.023932298808272936
2023-11-29,2.803999900817871,2.869999885559082,2.759999990463257,2.7920000553131104,141591,0.03621574572280517,0.025761638161018438
2023-11-30,2.802000045776367,2.8550000190734863,2.760999917984009,2.799000024795532,147752,-0.0007132150899579193,0.024024645600370244
2023-12-01,2.813999891281128,2.844000101089477,2.753999948501587,2.809000015258789,133190,0.004282600038800544,0.02262428353826628
2023-12-04,2.694000005722046,2.752000093460083,2.6489999294281006,2.7279999256134038,161786,-0.04264388422007004,0.024826904371153126
2023-12-05,2.7100000381469727,2.7860000133514404,2.674999952316284,2.6989998817443848,119974,0.005939136002577117,0.02501155902391152
2023-12-06,2.569000005722046,2.756999969482422,2.5409998893737797,2.6989998817443848,218374,-0.052029531527733486,0.027654825894000465
2023-12-07,2.5850000381469727,2.621000051498413,2.489000082015991,2.569000005722046,248396,0.006228116928489458,0.027085717362964456
2023-12-08,2.5810000896453857,2.609999895095825,2.5380001068115234,2.559000015258789,190998,-0.0015473688365800209,0.02674474747508694
2023-12-11,2.430999994277954,2.490000009536743,2.2939999103546143,2.490000009536743,330300,-0.0581170438425056,0.03074920845385567
2023-12-12,2.311000108718872,2.4609999656677246,2.276000022888184,2.437999963760376,223455,-0.04936235534411171,0.03239333460460472
2023-12-13,2.3350000381469727,2.384999990463257,2.234999895095825,2.2780001163482666,255188,0.0103850836430317,0.028654166509950417
2023-12-14,2.3919999599456787,2.421999931335449,2.328000068664551,2.3529999256134038,159486,0.02441110101391719,0.03129453069032656
2023-12-15,2.490999937057495,2.5439999103546143,2.380000114440918,2.407999992370605,189244,0.04138795099062831,0.03574981413577613
2023-12-18,2.503000020980835,2.5969998836517334,2.48799991607666,2.503000020980835,154295,0.004817376245105365,0.0342812094096499
2023-12-19,2.492000102996826,2.565000057220459,2.384999990463257,2.5190000534057617,170435,-0.004394693524492399,0.03400958266359208
2023-12-20,2.447000026702881,2.5899999141693115,2.4100000858306885,2.556999921798706,125263,-0.018057814780918058,0.0306321055110452
2023-12-21,2.572000026702881,2.6040000915527344,2.407999992370605,2.427000045776367,84545,0.051082958167526726,0.035294599321735315
2023-12-22,2.609999895095825,2.619999885559082,2.5280001163482666,2.5840001106262207,42835,0.014774443234224055,0.03558815777989959
2023-12-26,2.549999952316284,2.5810000896453857,2.4539999961853027,2.5450000762939453,50762,-0.02298848474755899,0.03038129282298841
2023-12-27,2.61899995803833,2.7219998836517334,2.562000036239624,2.5799999237060547,129265,0.027058826279337866,0.024090328351813586
2023-12-28,2.556999921798706,2.575999975204468,2.4119999408721924,2.4549999237060547,116059,-0.023673171910267188,0.02673908226402992
2023-12-29,2.513999938964844,2.561000108718872,2.489000082015991,2.5390000343322754,89598,-0.016816575732866546,0.027346055822615324
